-0.06464501926252066,-0.06611447440836545,-0.18295266923500275,0.00578425976884972,0.00029168959823880347,0.036995046780407104,-0.1919207484865163,-0.1640836543753441,-0.015500825536598761,175655.95404512933,0.0029239654541015625
-0.06464501926252066,-0.06611447440836545,-0.2629526692350027,-0.004215740231150289,0.00029168959823880347,0.04699504678040711,-0.1919207484865163,-0.17408365437534412,-0.015500825536598761,170526.95404512933,0.0029239654541015625
-0.06464501926252066,-0.07611447440836544,-0.29295266923500274,-0.004215740231150289,0.00029168959823880347,0.06699504678040713,-0.21192074848651626,-0.18408365437534407,-0.02550082553659877,167961.95404512933,0.007212400436401367
-0.07464501926252065,-0.07611447440836544,-0.3829526692350027,0.00578425976884972,0.010291689598238812,0.05699504678040712,-0.22192074848651627,-0.19408365437534408,-0.03550082553659878,167644.95404512933,0.011211633682250977
-0.08464501926252066,-0.08611447440836545,-0.41295266923500273,0.00578425976884972,0.010291689598238812,0.05699504678040712,-0.21192074848651626,-0.18408365437534407,-0.03550082553659878,168033.95404512933,0.015337705612182617
-0.08464501926252066,-0.07611447440836544,-0.4629526692350027,0.0157842597688497,0.020291689598238793,0.05699504678040712,-0.21192074848651626,-0.19408365437534408,-0.04550082553659873,169314.95404512933,0.016400575637817383
-0.09464501926252065,-0.09611447440836544,-0.4829526692350027,0.0157842597688497,0.00029168959823880347,0.036995046780407104,-0.2019207484865163,-0.1640836543753441,-0.05550082553659874,170261.95404512933,0.019709110260009766
-0.09464501926252065,-0.08611447440836545,-0.5129526692350027,0.03578425976884972,0.020291689598238793,0.036995046780407104,-0.22192074848651627,-0.19408365437534408,-0.06550082553659875,171474.95404512933,0.023849964141845703
-0.09464501926252065,-0.09611447440836544,-0.5329526692350027,0.02578425976884971,0.020291689598238793,0.036995046780407104,-0.2019207484865163,-0.19408365437534408,-0.05550082553659874,173193.95404512933,0.027812957763671875
-0.09464501926252065,-0.09611447440836544,-0.5429526692350027,0.02578425976884971,0.020291689598238793,0.04699504678040711,-0.22192074848651627,-0.19408365437534408,-0.06550082553659875,175630.95404512933,0.027812957763671875
-0.09464501926252065,-0.09611447440836544,-0.5429526692350027,0.02578425976884971,0.030291689598238802,0.05699504678040712,-0.21192074848651626,-0.17408365437534412,-0.06550082553659875,178631.95404512933,0.03235888481140137
-0.09464501926252065,-0.09611447440836544,-0.5629526692350028,0.0157842597688497,0.020291689598238793,0.04699504678040711,-0.21192074848651626,-0.18408365437534407,-0.07550082553659876,182720.95404512933,0.03589582443237305
-0.09464501926252065,-0.09611447440836544,-0.5729526692350028,0.03578425976884972,0.030291689598238802,0.016995046780407197,-0.23192074848651628,-0.2040836543753441,-0.10550082553659876,187419.95404512933,0.040242671966552734
-0.09464501926252065,-0.09611447440836544,-0.6029526692350027,0.03578425976884972,0.030291689598238802,0.026995046780407206,-0.2419207484865163,-0.2040836543753441,-0.10550082553659876,190278.95404512933,0.040947914123535156
-0.09464501926252065,-0.09611447440836544,-0.6129526692350027,0.03578425976884972,0.020291689598238793,0.026995046780407206,-0.22192074848651627,-0.19408365437534408,-0.10550082553659876,189965.95404512933,0.0446012020111084
-0.09464501926252065,-0.09611447440836544,-0.6129526692350027,0.03578425976884972,0.030291689598238802,0.026995046780407206,-0.22192074848651627,-0.2140836543753441,-0.09550082553659875,188098.95404512933,0.04861640930175781
-0.09464501926252065,-0.09611447440836544,-0.6129526692350027,0.04578425976884973,0.04029168959823881,0.036995046780407104,-0.2419207484865163,-0.2140836543753441,-0.09550082553659875,185781.95404512933,0.052243947982788086
-0.09464501926252065,-0.09611447440836544,-0.5729526692350028,0.02578425976884971,0.020291689598238793,0.04699504678040711,-0.23192074848651628,-0.2140836543753441,-0.09550082553659875,182588.95404512933,0.05328655242919922
-0.09464501926252065,-0.09611447440836544,-0.5729526692350028,0.02578425976884971,0.020291689598238793,0.06699504678040713,-0.2519207484865163,-0.23408365437534412,-0.08550082553659877,178307.95404512933,0.057495832443237305
-0.09464501926252065,-0.09611447440836544,-0.5729526692350028,0.05578425976884974,0.04029168959823881,0.04699504678040711,-0.2519207484865163,-0.24408365437534407,-0.10550082553659876,175230.95404512933,0.06047391891479492
-0.09464501926252065,-0.09611447440836544,-0.5929526692350027,0.03578425976884972,0.030291689598238802,0.04699504678040711,-0.34192074848651627,-0.3140836543753441,-0.11550082553659877,174155.95404512933,0.06454110145568848
-0.09464501926252065,-0.09611447440836544,-0.5829526692350027,0.02578425976884971,0.030291689598238802,0.04699504678040711,-0.3519207484865163,-0.3340836543753441,-0.14550082553659877,172850.95404512933,0.06556439399719238
-0.09464501926252065,-0.09611447440836544,-0.6329526692350027,0.03578425976884972,0.030291689598238802,0.006995046780407188,-0.3719207484865163,-0.36408365437534407,-0.14550082553659877,171013.95404512933,0.06886911392211914
-0.09464501926252065,-0.09611447440836544,-0.6329526692350027,0.03578425976884972,0.04029168959823881,-0.01300495321959283,-0.3819207484865163,-0.3540836543753441,-0.16550082553659876,169180.95404512933,0.07299137115478516
-0.09464501926252065,-0.09611447440836544,-0.6129526692350027,0.03578425976884972,0.04029168959823881,-0.03300495321959285,-0.3619207484865163,-0.3540836543753441,-0.19550082553659875,167531.95404512933,0.0781867504119873
-0.09464501926252065,-0.09611447440836544,-0.6429526692350027,0.05578425976884974,0.06029168959823883,-0.06300495321959287,-0.34192074848651627,-0.3440836543753441,-0.18550082553659875,164370.95404512933,0.08127498626708984
-0.09464501926252065,-0.09611447440836544,-0.6329526692350027,0.08578425976884971,0.08029168959823879,-0.07300495321959283,-0.3719207484865163,-0.3440836543753441,-0.17550082553659876,159689.95404512933,0.08127498626708984
-0.09464501926252065,-0.09611447440836544,-0.6229526692350027,0.08578425976884971,0.07029168959823878,-0.10300495321959285,-0.3219207484865163,-0.3140836543753441,-0.16550082553659876,155676.95404512933,0.08646106719970703
-0.09464501926252065,-0.09611447440836544,-0.6329526692350027,0.08578425976884971,0.10029168959823881,-0.10300495321959285,-0.3519207484865163,-0.3240836543753441,-0.16550082553659876,152699.95404512933,0.08999967575073242
-0.09464501926252065,-0.09611447440836544,-0.6029526692350027,0.09578425976884972,0.08029168959823879,-0.08300495321959284,-0.3219207484865163,-0.3140836543753441,-0.16550082553659876,150934.95404512933,0.09345245361328125
-0.09464501926252065,-0.09611447440836544,-0.6129526692350027,0.08578425976884971,0.07029168959823878,-0.10300495321959285,-0.34192074848651627,-0.3140836543753441,-0.15550082553659875,149713.95404512933,0.09345245361328125
-0.09464501926252065,-0.09611447440836544,-0.6129526692350027,0.10578425976884973,0.11029168959823882,-0.12300495321959287,-0.3619207484865163,-0.3540836543753441,-0.15550082553659875,148226.95404512933,0.09848785400390625
-0.09464501926252065,-0.09611447440836544,-0.6129526692350027,0.11578425976884973,0.11029168959823882,-0.13300495321959283,-0.3519207484865163,-0.3540836543753441,-0.17550082553659876,147835.95404512933,0.10225772857666016
-0.09464501926252065,-0.09611447440836544,-0.6229526692350027,0.11578425976884973,0.11029168959823882,-0.10300495321959285,-0.33192074848651626,-0.3140836543753441,-0.16550082553659876,147890.95404512933,0.1054689884185791
-0.09464501926252065,-0.09611447440836544,-0.5929526692350027,0.11578425976884973,0.11029168959823882,-0.13300495321959283,-0.3219207484865163,-0.30408365437534407,-0.16550082553659876,147665.95404512933,0.10635995864868164
-0.09464501926252065,-0.09611447440836544,-0.5929526692350027,0.10578425976884973,0.11029168959823882,-0.11300495321959286,-0.3519207484865163,-0.3340836543753441,-0.15550082553659875,146906.95404512933,0.1094975471496582
-0.09464501926252065,-0.09611447440836544,-0.6029526692350027,0.11578425976884973,0.11029168959823882,-0.11300495321959286,-0.2919207484865163,-0.2740836543753441,-0.14550082553659877,144943.95404512933,0.11345744132995605
-0.09464501926252065,-0.09611447440836544,-0.6229526692350027,0.11578425976884973,0.12029168959823883,-0.10300495321959285,-0.27192074848651626,-0.2540836543753441,-0.14550082553659877,141824.95404512933,0.11745667457580566
-0.09464501926252065,-0.09611447440836544,-0.6229526692350027,0.11578425976884973,0.12029168959823883,-0.11300495321959286,-0.2519207484865163,-0.23408365437534412,-0.15550082553659875,138577.95404512933,0.11846113204956055
-0.09464501926252065,-0.09611447440836544,-0.6529526692350027,0.1257842597688497,0.13029168959823878,-0.08300495321959284,-0.28192074848651627,-0.2640836543753441,-0.15550082553659875,135938.95404512933,0.12202596664428711
-0.09464501926252065,-0.09611447440836544,-0.6529526692350027,0.1257842597688497,0.1402916895982388,-0.08300495321959284,-0.2919207484865163,-0.2740836543753441,-0.14550082553659877,132925.95404512933,0.12602448463439941
-0.09464501926252065,-0.08611447440836545,-0.6529526692350027,0.15578425976884971,0.1502916895982388,-0.08300495321959284,-0.3019207484865163,-0.2940836543753441,-0.18550082553659875,129680.95404512933,0.13016986846923828
-0.024645019262520648,-0.04611447440836544,-0.6529526692350027,0.15578425976884971,0.1502916895982388,-0.06300495321959287,-0.2919207484865163,-0.2740836543753441,-0.17550082553659876,127255.95404512933,0.13120746612548828
0.05535498073747934,0.05388552559163455,-0.6229526692350027,0.1457842597688497,0.1502916895982388,-0.11300495321959286,-0.3019207484865163,-0.2940836543753441,-0.20550082553659876,125474.95404512933,0.13416624069213867
0.28535498073747934,0.29388552559163456,-0.6029526692350027,0.1257842597688497,0.13029168959823878,-0.11300495321959286,-0.2919207484865163,-0.2840836543753441,-0.21550082553659877,124289.95404512933,0.13877153396606445
0.5453549807374793,0.5238855255916346,-0.5229526692350027,0.10578425976884973,0.12029168959823883,-0.12300495321959287,-0.28192074848651627,-0.2640836543753441,-0.22550082553659875,122424.95404512933,0.14207148551940918
0.9553549807374794,0.9538855255916346,-0.2629526692350027,0.05578425976884974,0.07029168959823878,-0.15300495321959284,-0.2619207484865163,-0.23408365437534412,-0.25550082553659875,120155.95404512933,0.1460411548614502
1.2953549807374793,1.2738855255916346,-0.18295266923500275,0.0157842597688497,0.030291689598238802,-0.17300495321959286,-0.2519207484865163,-0.23408365437534412,-0.26550082553659876,117824.95404512933,0.14705181121826172
1.4653549807374795,1.4338855255916345,-0.20295266923500271,0.00578425976884972,0.020291689598238793,-0.17300495321959286,-0.27192074848651626,-0.2540836543753441,-0.25550082553659875,116395.95404512933,0.15107202529907227
1.5653549807374794,1.5138855255916346,-0.02295266923500272,-0.014215740231150298,0.00029168959823880347,-0.20300495321959283,-0.28192074848651627,-0.2640836543753441,-0.24550082553659874,117374.95404512933,0.15507173538208008
1.6853549807374795,1.6438855255916345,0.07704733076499726,-0.02421574023115028,-0.019708310401761187,-0.21300495321959284,-0.27192074848651626,-0.2740836543753441,-0.27550082553659877,118623.95404512933,0.15898418426513672
1.7253549807374795,1.6938855255916345,0.017047330764997315,-0.03421574023115029,-0.029708310401761195,-0.21300495321959284,-0.3019207484865163,-0.2940836543753441,-0.26550082553659876,121710.95404512933,0.15898418426513672
1.7853549807374793,1.7638855255916346,0.007047330764997306,-0.03421574023115029,-0.019708310401761187,-0.20300495321959283,-0.3219207484865163,-0.3240836543753441,-0.27550082553659877,126115.95404512933,0.1629319190979004
1.8953549807374794,1.8838855255916345,0.06704733076499725,-0.03421574023115029,-0.029708310401761195,-0.18300495321959287,-0.3219207484865163,-0.2940836543753441,-0.25550082553659875,129744.95404512933,0.1679837703704834
1.9353549807374792,1.9238855255916345,0.20704733076499726,-0.0442157402311503,-0.039708310401761204,-0.20300495321959283,-0.3719207484865163,-0.36408365437534407,-0.24550082553659874,134341.95404512933,0.17134594917297363
1.9853549807374795,1.9538855255916343,0.22704733076499728,-0.0442157402311503,-0.039708310401761204,-0.22300495321959285,-0.3619207484865163,-0.3340836543753441,-0.26550082553659876,142616.95404512933,0.1722731590270996
1.9053549807374794,1.9138855255916343,0.18704733076499724,-0.0442157402311503,-0.029708310401761195,-0.21300495321959284,-0.3719207484865163,-0.3740836543753441,-0.24550082553659874,150959.95404512933,0.17499208450317383
1.8853549807374794,1.8738855255916345,0.17704733076499723,-0.02421574023115028,-0.019708310401761187,-0.18300495321959287,-0.3619207484865163,-0.3740836543753441,-0.22550082553659875,158148.95404512933,0.17907404899597168
1.8253549807374794,1.8238855255916344,0.22704733076499728,-0.014215740231150298,-0.009708310401761205,-0.18300495321959287,-0.39192074848651626,-0.36408365437534407,-0.27550082553659877,164337.95404512933,0.1831803321838379
1.8353549807374794,1.8238855255916344,0.2670473307649973,-0.014215740231150298,0.00029168959823880347,-0.16300495321959285,-0.3819207484865163,-0.3740836543753441,-0.25550082553659875,169496.95404512933,0.18436264991760254
1.8253549807374794,1.8238855255916344,0.2670473307649973,-0.004215740231150289,0.010291689598238812,-0.20300495321959283,-0.3719207484865163,-0.36408365437534407,-0.25550082553659875,174705.95404512933,0.18737053871154785
1.8453549807374794,1.8338855255916344,0.3770473307649973,0.00578425976884972,0.030291689598238802,-0.18300495321959287,-0.3819207484865163,-0.3940836543753441,-0.25550082553659875,179840.95404512933,0.19237828254699707
1.9153549807374792,1.9138855255916343,0.4570473307649974,0.03578425976884972,0.06029168959823883,-0.18300495321959287,-0.4319207484865163,-0.43408365437534413,-0.24550082553659874,184213.95404512933,0.19555091857910156
1.9053549807374794,1.9138855255916343,0.44704733076499736,0.04578425976884973,0.08029168959823879,-0.15300495321959284,-0.4519207484865163,-0.43408365437534413,-0.23550082553659876,186794.95404512933,0.1965312957763672
1.7653549807374795,1.7638855255916346,0.41704733076499734,0.08578425976884971,0.10029168959823881,-0.11300495321959286,-0.4319207484865163,-0.4140836543753441,-0.21550082553659877,185557.95404512933,0.19959163665771484
1.7453549807374795,1.7538855255916346,0.5170473307649972,0.09578425976884972,0.12029168959823883,-0.11300495321959286,-0.4519207484865163,-0.43408365437534413,-0.20550082553659876,182732.95404512933,0.20479559898376465
1.7553549807374795,1.7638855255916346,0.6070473307649973,0.11578425976884973,0.13029168959823878,-0.11300495321959286,-0.4319207484865163,-0.4240836543753441,-0.20550082553659876,179629.95404512933,0.2080371379852295
1.7053549807374795,1.7238855255916345,0.5770473307649973,0.1457842597688497,0.1602916895982388,-0.09300495321959285,-0.4219207484865163,-0.4140836543753441,-0.18550082553659875,179072.95404512933,0.20877337455749512
1.6353549807374794,1.6238855255916345,0.4970473307649972,0.17578425976884973,0.2002916895982388,-0.06300495321959287,-0.4319207484865163,-0.4140836543753441,-0.16550082553659876,179807.95404512933,0.21242356300354004
1.4653549807374795,1.4138855255916345,0.44704733076499736,0.2657842597688497,0.2902916895982388,-0.01300495321959283,-0.4319207484865163,-0.4140836543753441,-0.14550082553659877,180218.95404512933,0.21641230583190918
1.2053549807374795,1.2038855255916345,0.42704733076499735,0.37578425976884966,0.4002916895982388,-0.003004953219592821,-0.40192074848651627,-0.3940836543753441,-0.12550082553659875,179631.95404512933,0.2204911708831787
0.9053549807374793,0.8938855255916346,0.33704733076499727,0.48578425976884965,0.5302916895982388,0.036995046780407104,-0.40192074848651627,-0.3840836543753441,-0.10550082553659876,177600.95404512933,0.2240619659423828
0.7553549807374793,0.7738855255916346,0.30704733076499724,0.5657842597688497,0.6002916895982388,0.07699504678040714,-0.3719207484865163,-0.3540836543753441,-0.09550082553659875,173637.95404512933,0.22513151168823242
0.6253549807374793,0.6138855255916346,0.32704733076499726,0.7157842597688496,0.7402916895982388,0.05699504678040712,-0.3619207484865163,-0.3440836543753441,-0.09550082553659875,167336.95404512933,0.22962713241577148
0.5453549807374793,0.5638855255916346,0.31704733076499725,0.8057842597688497,0.8202916895982388,0.09699504678040716,-0.34192074848651627,-0.3240836543753441,-0.09550082553659875,160745.95404512933,0.2331557273864746
0.5053549807374793,0.5238855255916346,0.2870473307649972,0.8857842597688498,0.9102916895982387,0.11699504678040717,-0.33192074848651626,-0.3140836543753441,-0.09550082553659875,155768.95404512933,0.23618865013122559
0.5153549807374793,0.5338855255916346,0.33704733076499727,0.9757842597688496,0.9802916895982388,0.1369950467804072,-0.33192074848651626,-0.3140836543753441,-0.08550082553659877,152493.95404512933,0.2371675968170166
0.5253549807374793,0.5438855255916346,0.40704733076499733,1.0557842597688498,1.0702916895982388,0.1569950467804071,-0.33192074848651626,-0.3140836543753441,-0.09550082553659875,150726.95404512933,0.24118423461914062
0.4853549807374793,0.5038855255916346,0.3870473307649973,1.1057842597688499,1.1202916895982389,0.18699504678040713,-0.3219207484865163,-0.30408365437534407,-0.09550082553659875,150189.95404512933,0.24578237533569336
0.41535498073747934,0.43388552559163457,0.2770473307649973,1.1757842597688497,1.1902916895982387,0.20699504678040714,-0.3119207484865163,-0.2940836543753441,-0.09550082553659875,150694.95404512933,0.24900102615356445
0.3253549807374793,0.33388552559163454,0.1270473307649973,1.1757842597688497,1.1702916895982387,0.19699504678040713,-0.2919207484865163,-0.2840836543753441,-0.09550082553659875,151417.95404512933,0.24900102615356445
0.21535498073747933,0.22388552559163455,-0.02295266923500272,1.1257842597688499,1.1202916895982389,0.09699504678040716,-0.2619207484865163,-0.24408365437534407,-0.08550082553659877,153046.95404512933,0.25404834747314453
0.16535498073747934,0.16388552559163455,-0.17295266923500274,1.0457842597688498,1.0302916895982388,0.08699504678040715,-0.2519207484865163,-0.2240836543753441,-0.07550082553659876,155779.95404512933,0.2580745220184326
0.04535498073747936,0.06388552559163456,-0.3329526692350027,0.9757842597688496,0.9702916895982387,0.08699504678040715,-0.22192074848651627,-0.2040836543753441,-0.07550082553659876,159648.95404512933,0.26140928268432617
-0.014645019262520653,-0.016114474408365442,-0.3929526692350027,0.8957842597688498,0.9102916895982387,0.09699504678040716,-0.1819207484865163,-0.17408365437534412,-0.08550082553659877,164557.95404512933,0.2622206211090088
-0.06464501926252066,-0.05611447440836544,-0.3829526692350027,0.8757842597688498,0.8802916895982389,0.08699504678040715,-0.2019207484865163,-0.18408365437534407,-0.08550082553659877,169774.95404512933,0.265533447265625
-0.06464501926252066,-0.07611447440836544,-0.42295266923500274,0.9057842597688496,0.9102916895982387,0.11699504678040717,-0.2019207484865163,-0.19408365437534408,-0.08550082553659877,172525.95404512933,0.2705385684967041
-0.04464501926252065,-0.05611447440836544,-0.44295266923500276,0.8657842597688498,0.8802916895982389,0.11699504678040717,-0.1919207484865163,-0.17408365437534412,-0.08550082553659877,173458.95404512933,0.2741963863372803
-0.09464501926252065,-0.09611447440836544,-0.44295266923500276,0.8657842597688498,0.8702916895982389,0.09699504678040716,-0.1819207484865163,-0.1640836543753441,-0.09550082553659875,174187.95404512933,0.2741963863372803
-0.09464501926252065,-0.08611447440836545,-0.3929526692350027,0.9457842597688496,0.9502916895982387,0.07699504678040714,-0.17192074848651628,-0.1540836543753441,-0.11550082553659877,174600.95404512933,0.27774524688720703
-0.08464501926252066,-0.08611447440836545,-0.3729526692350027,0.9257842597688496,0.9202916895982387,0.07699504678040714,-0.12192074848651624,-0.09408365437534405,-0.11550082553659877,173905.95404512933,0.2827599048614502
-0.08464501926252066,-0.08611447440836545,-0.3829526692350027,0.9157842597688496,0.9102916895982387,0.06699504678040713,-0.05192074848651629,-0.04408365437534412,-0.12550082553659875,170508.95404512933,0.2864551544189453
-0.08464501926252066,-0.08611447440836545,-0.35295266923500274,0.8757842597688498,0.8902916895982389,0.07699504678040714,-0.03192074848651627,-0.0240836543753441,-0.12550082553659875,167621.95404512933,0.2864551544189453
-0.08464501926252066,-0.08611447440836545,-0.3429526692350027,0.9357842597688496,0.9402916895982387,0.026995046780407206,0.008079251513483765,0.025916345624655945,-0.11550082553659877,166224.95404512933,0.2900388240814209
-0.08464501926252066,-0.08611447440836545,-0.3129526692350027,0.9557842597688496,0.9502916895982387,0.006995046780407188,0.04807925151348369,0.06591634562465587,-0.12550082553659875,163569.95404512933,0.2940201759338379
-0.08464501926252066,-0.08611447440836545,-0.29295266923500274,0.8457842597688497,0.8802916895982389,0.006995046780407188,0.10807925151348374,0.1059163456246559,-0.13550082553659876,160216.95404512933,0.29802536964416504
-0.08464501926252066,-0.07611447440836544,-0.35295266923500274,0.8557842597688498,0.8402916895982389,-0.003004953219592821,0.11807925151348375,0.11591634562465591,-0.13550082553659876,157765.95404512933,0.30202293395996094
-0.08464501926252066,-0.08611447440836545,-0.4029526692350027,0.7957842597688497,0.7602916895982388,-0.03300495321959285,0.11807925151348375,0.11591634562465591,-0.17550082553659876,156388.95404512933,0.30301904678344727
-0.08464501926252066,-0.07611447440836544,-0.4029526692350027,0.8257842597688497,0.8402916895982389,-0.07300495321959283,0.03807925151348368,0.05591634562465586,-0.16550082553659876,154223.95404512933,0.3071105480194092
-0.07464501926252065,-0.07611447440836544,-0.4029526692350027,0.7657842597688497,0.7802916895982388,-0.10300495321959285,0.06807925151348371,0.05591634562465586,-0.16550082553659876,150560.95404512933,0.31012606620788574
-0.07464501926252065,-0.06611447440836545,-0.3929526692350027,0.7457842597688497,0.7202916895982387,-0.09300495321959285,0.0580792515134837,0.04591634562465585,-0.17550082553659876,146737.95404512933,0.31409525871276855
-0.07464501926252065,-0.06611447440836545,-0.3829526692350027,0.7257842597688496,0.7102916895982389,-0.11300495321959286,0.04807925151348369,0.04591634562465585,-0.17550082553659876,143258.95404512933,0.315091609954834
-0.06464501926252066,-0.07611447440836544,-0.47295266923500273,0.6757842597688497,0.6602916895982388,-0.08300495321959284,0.06807925151348371,0.04591634562465585,-0.16550082553659876,140815.95404512933,0.319119930267334
-0.07464501926252065,-0.07611447440836544,-0.4829526692350027,0.6157842597688497,0.6002916895982388,-0.06300495321959287,-0.0019207484865162439,-0.004083654375344081,-0.17550082553659876,138832.95404512933,0.3225884437561035
-0.07464501926252065,-0.06611447440836545,-0.4929526692350027,0.6057842597688496,0.5902916895982389,-0.11300495321959286,-0.011920748486516253,-0.004083654375344081,-0.16550082553659876,137685.95404512933,0.3268613815307617
-0.08464501926252066,-0.08611447440836545,-0.5129526692350027,0.5557842597688497,0.5402916895982388,-0.13300495321959283,-0.04192074848651628,-0.054083654375344126,-0.18550082553659875,137376.95404512933,0.32784271240234375
-0.08464501926252066,-0.08611447440836545,-0.5429526692350027,0.4457842597688497,0.45029168959823884,-0.14300495321959283,-0.08192074848651631,-0.08408365437534404,-0.16550082553659876,137447.95404512933,0.33084630966186523
-0.08464501926252066,-0.08611447440836545,-0.5529526692350027,0.37578425976884966,0.37029168959823877,-0.13300495321959283,-0.2019207484865163,-0.2040836543753441,-0.18550082553659875,137676.95404512933,0.3348410129547119
-0.08464501926252066,-0.08611447440836545,-0.5229526692350027,0.2657842597688497,0.2502916895982388,-0.14300495321959283,-0.2019207484865163,-0.18408365437534407,-0.16550082553659876,136853.95404512933,0.3388407230377197
-0.08464501926252066,-0.08611447440836545,-0.5529526692350027,0.18578425976884969,0.18029168959823882,-0.13300495321959283,-0.23192074848651628,-0.2040836543753441,-0.15550082553659875,135114.95404512933,0.3398425579071045
-0.07464501926252065,-0.07611447440836544,-0.5629526692350028,0.1357842597688497,0.1402916895982388,-0.14300495321959283,-0.15192074848651627,-0.1540836543753441,-0.15550082553659875,132309.95404512933,0.3431360721588135
-0.09464501926252065,-0.09611447440836544,-0.6229526692350027,0.1357842597688497,0.1402916895982388,-0.12300495321959287,-0.16192074848651627,-0.1440836543753441,-0.15550082553659875,129400.95404512933,0.3471057415008545
-0.08464501926252066,-0.08611447440836545,-0.6229526692350027,0.1357842597688497,0.1402916895982388,-0.13300495321959283,-0.17192074848651628,-0.1540836543753441,-0.17550082553659876,126983.95404512933,0.3521580696105957
-0.07464501926252065,-0.07611447440836544,-0.6429526692350027,0.1357842597688497,0.1402916895982388,-0.09300495321959285,-0.16192074848651627,-0.1440836543753441,-0.17550082553659876,124604.95404512933,0.3521580696105957
-0.07464501926252065,-0.07611447440836544,-0.6529526692350027,0.1357842597688497,0.1402916895982388,-0.10300495321959285,-0.15192074848651627,-0.12408365437534408,-0.14550082553659877,121839.95404512933,0.3556485176086426
-0.04464501926252065,-0.05611447440836544,-0.6429526692350027,0.1357842597688497,0.1402916895982388,-0.09300495321959285,-0.15192074848651627,-0.12408365437534408,-0.17550082553659876,118926.95404512933,0.3596324920654297
0.11535498073747934,0.11388552559163455,-0.6229526692350027,0.1257842597688497,0.13029168959823878,-0.10300495321959285,-0.16192074848651627,-0.1540836543753441,-0.17550082553659876,116693.95404512933,0.3646275997161865
0.29535498073747934,0.29388552559163456,-0.5829526692350027,0.10578425976884973,0.12029168959823883,-0.10300495321959285,-0.13192074848651625,-0.12408365437534408,-0.18550082553659875,114700.95404512933,0.3646275997161865
0.6453549807374793,0.6338855255916346,-0.42295266923500274,0.0757842597688497,0.08029168959823879,-0.14300495321959283,-0.15192074848651627,-0.1440836543753441,-0.22550082553659875,112275.95404512933,0.36861729621887207
0.9653549807374794,0.9738855255916347,-0.30295266923500275,0.03578425976884972,0.05029168959823882,-0.18300495321959287,-0.2019207484865163,-0.17408365437534412,-0.24550082553659874,110152.95404512933,0.3720057010650635
1.4253549807374795,1.4138855255916345,-0.03295266923500273,-0.004215740231150289,0.010291689598238812,-0.20300495321959283,-0.1819207484865163,-0.18408365437534407,-0.23550082553659876,109205.95404512933,0.37609076499938965
1.6353549807374794,1.6138855255916345,0.07704733076499726,-0.014215740231150298,-0.009708310401761205,-0.21300495321959284,-0.17192074848651628,-0.1640836543753441,-0.25550082553659875,108506.95404512933,0.37685608863830566
1.7753549807374795,1.7438855255916346,0.1370473307649973,-0.03421574023115029,-0.029708310401761195,-0.22300495321959285,-0.21192074848651626,-0.2040836543753441,-0.26550082553659876,107737.95404512933,0.3804895877838135
1.8953549807374794,1.8638855255916345,0.14704733076499732,-0.0442157402311503,-0.039708310401761204,-0.21300495321959284,-0.2419207484865163,-0.23408365437534412,-0.25550082553659875,107738.95404512933,0.38502001762390137
1.9953549807374793,1.9838855255916346,0.2770473307649973,-0.05421574023115028,-0.049708310401761185,-0.20300495321959283,-0.28192074848651627,-0.2740836543753441,-0.24550082553659874,108701.95404512933,0.3888230323791504
2.075354980737479,2.0538855255916344,0.3570473307649973,-0.0442157402311503,-0.039708310401761204,-0.20300495321959283,-0.33192074848651626,-0.3240836543753441,-0.25550082553659875,109944.95404512933,0.3922154903411865
2.155354980737479,2.1438855255916347,0.3970473307649973,-0.05421574023115028,-0.029708310401761195,-0.19300495321959282,-0.3119207484865163,-0.3240836543753441,-0.24550082553659874,112145.95404512933,0.39282703399658203
2.245354980737479,2.2238855255916343,0.5070473307649972,-0.05421574023115028,-0.049708310401761185,-0.22300495321959285,-0.34192074848651627,-0.3440836543753441,-0.2855008255365988,115824.95404512933,0.3963172435760498
2.2553549807374793,2.2538855255916346,0.5470473307649972,-0.0442157402311503,-0.039708310401761204,-0.2530049532195928,-0.3719207484865163,-0.36408365437534407,-0.27550082553659877,120831.95404512933,0.4013526439666748
2.2753549807374793,2.2638855255916344,0.5870473307649973,-0.0442157402311503,-0.029708310401761195,-0.23300495321959286,-0.3619207484865163,-0.3540836543753441,-0.27550082553659877,126884.95404512933,0.40433239936828613
2.265354980737479,2.2438855255916343,0.6270473307649973,-0.02421574023115028,-0.009708310401761205,-0.24300495321959287,-0.3719207484865163,-0.36408365437534407,-0.2855008255365988,132427.95404512933,0.40534472465515137
2.1953549807374793,2.2038855255916343,0.6270473307649973,-0.02421574023115028,-0.009708310401761205,-0.21300495321959284,-0.40192074848651627,-0.4040836543753441,-0.25550082553659875,136748.95404512933,0.40934252738952637
2.1753549807374792,2.1838855255916343,0.5870473307649973,-0.014215740231150298,0.00029168959823880347,-0.22300495321959285,-0.40192074848651627,-0.3940836543753441,-0.25550082553659875,141773.95404512933,0.41265296936035156
2.185354980737479,2.1738855255916345,0.6470473307649973,-0.014215740231150298,0.00029168959823880347,-0.23300495321959286,-0.4119207484865163,-0.3840836543753441,-0.27550082553659877,148076.95404512933,0.41745805740356445
2.1253549807374794,2.1238855255916347,0.6770473307649973,0.00578425976884972,0.010291689598238812,-0.22300495321959285,-0.39192074848651626,-0.3840836543753441,-0.29550082553659873,153487.95404512933,0.41745805740356445
2.1053549807374794,2.1038855255916347,0.6470473307649973,0.00578425976884972,0.020291689598238793,-0.20300495321959283,-0.4319207484865163,-0.4040836543753441,-0.2855008255365988,159080.95404512933,0.4210786819458008
2.0653549807374794,2.0538855255916344,0.7270473307649972,0.02578425976884971,0.030291689598238802,-0.20300495321959283,-0.4619207484865163,-0.43408365437534413,-0.2855008255365988,163937.95404512933,0.42632222175598145
1.9853549807374795,1.9938855255916343,0.6870473307649974,0.06578425976884969,0.07029168959823878,-0.16300495321959285,-0.4419207484865163,-0.4240836543753441,-0.24550082553659874,167008.95404512933,0.4293224811553955
1.9353549807374792,1.9538855255916343,0.6970473307649974,0.0757842597688497,0.08029168959823879,-0.15300495321959284,-0.4419207484865163,-0.43408365437534413,-0.23550082553659876,167959.95404512933,0.4293224811553955
1.7153549807374795,1.7538855255916346,0.6370473307649973,0.1357842597688497,0.1502916895982388,-0.12300495321959287,-0.4619207484865163,-0.43408365437534413,-0.19550082553659875,166350.95404512933,0.43438053131103516
1.6853549807374795,1.7038855255916345,0.6570473307649973,0.18578425976884969,0.2002916895982388,-0.11300495321959286,-0.4119207484865163,-0.3940836543753441,-0.18550082553659875,165057.95404512933,0.43794870376586914
1.6253549807374794,1.6338855255916345,0.7470473307649972,0.22578425976884972,0.2302916895982388,-0.07300495321959283,-0.40192074848651627,-0.3940836543753441,-0.16550082553659876,162994.95404512933,0.4415876865386963
1.5253549807374795,1.5438855255916344,0.7670473307649972,0.2757842597688497,0.3002916895982388,-0.053004953219592865,-0.3719207484865163,-0.36408365437534407,-0.14550082553659877,160597.95404512933,0.44261956214904785
1.3453549807374794,1.3338855255916344,0.7070473307649974,0.35578425976884964,0.3902916895982388,0.016995046780407197,-0.3619207484865163,-0.36408365437534407,-0.13550082553659876,157542.95404512933,0.44559311866760254
1.1953549807374795,1.1938855255916345,0.6570473307649973,0.47578425976884964,0.5002916895982388,0.04699504678040711,-0.3619207484865163,-0.3440836543753441,-0.11550082553659877,153943.95404512933,0.4499235153198242
1.0153549807374795,1.0238855255916346,0.5070473307649972,0.5857842597688497,0.6002916895982388,0.08699504678040715,-0.3519207484865163,-0.3440836543753441,-0.11550082553659877,150422.95404512933,0.4539783000946045
0.8653549807374793,0.8838855255916346,0.4870473307649972,0.7057842597688497,0.7202916895982387,0.09699504678040716,-0.33192074848651626,-0.3140836543753441,-0.10550082553659876,146815.95404512933,0.4576704502105713
0.7253549807374793,0.7438855255916346,0.4570473307649974,0.8557842597688498,0.8902916895982389,0.1369950467804072,-0.3219207484865163,-0.3140836543753441,-0.09550082553659875,142952.95404512933,0.4576704502105713
0.6353549807374793,0.6638855255916346,0.41704733076499734,0.9557842597688496,0.9702916895982387,0.17699504678040712,-0.3119207484865163,-0.3140836543753441,-0.09550082553659875,140577.95404512933,0.46270179748535156
0.5853549807374794,0.6038855255916346,0.41704733076499734,1.0657842597688498,1.0902916895982389,0.20699504678040714,-0.3219207484865163,-0.30408365437534407,-0.09550082553659875,138706.95404512933,0.46671080589294434
0.5253549807374793,0.5538855255916346,0.43704733076499735,1.2157842597688497,1.2002916895982387,0.22699504678040716,-0.3119207484865163,-0.30408365437534407,-0.09550082553659875,136075.95404512933,0.4697115421295166
0.44535498073747937,0.4638855255916346,0.3870473307649973,1.2957842597688498,1.3102916895982388,0.2769950467804072,-0.3219207484865163,-0.30408365437534407,-0.10550082553659876,133584.95404512933,0.470714807510376
0.3953549807374793,0.42388552559163456,0.32704733076499726,1.3557842597688499,1.3702916895982389,0.2769950467804072,-0.3119207484865163,-0.30408365437534407,-0.10550082553659876,131681.95404512933,0.4739077091217041
0.3253549807374793,0.35388552559163455,0.21704733076499727,1.38578425976885,1.380291689598239,0.33699504678040715,-0.28192074848651627,-0.2740836543753441,-0.09550082553659875,130536.95404512933,0.47910451889038086
0.28535498073747934,0.27388552559163454,0.11704733076499729,1.3657842597688499,1.380291689598239,0.2769950467804072,-0.2619207484865163,-0.2540836543753441,-0.09550082553659875,130899.95404512933,0.48233628273010254
0.20535498073747932,0.20388552559163453,0.04704733076499723,1.3157842597688498,1.3102916895982388,0.22699504678040716,-0.2419207484865163,-0.2240836543753441,-0.07550082553659876,132494.95404512933,0.4833681583404541
0.10535498073747936,0.11388552559163455,-0.10295266923500268,1.1757842597688497,1.1802916895982387,0.12699504678040718,-0.1919207484865163,-0.18408365437534407,-0.07550082553659876,135255.95404512933,0.4863612651824951
0.02535498073747934,0.0038855255916345616,-0.3229526692350027,1.1257842597688499,1.1202916895982389,0.1569950467804071,-0.1919207484865163,-0.17408365437534412,-0.06550082553659875,139492.95404512933,0.490786075592041
-0.054645019262520654,-0.04611447440836544,-0.3929526692350027,1.0857842597688498,1.1002916895982389,0.1569950467804071,-0.1919207484865163,-0.17408365437534412,-0.07550082553659876,145969.95404512933,0.4947957992553711
-0.07464501926252065,-0.06611447440836545,-0.3929526692350027,1.0457842597688498,1.0702916895982388,0.1469950467804072,-0.1819207484865163,-0.1540836543753441,-0.07550082553659876,150808.95404512933,0.49580860137939453
-0.07464501926252065,-0.07611447440836544,-0.41295266923500273,1.0557842597688498,1.0802916895982388,0.12699504678040718,-0.15192074848651627,-0.1440836543753441,-0.09550082553659875,151873.95404512933,0.49982619285583496
-0.08464501926252066,-0.08611447440836545,-0.41295266923500273,1.0957842597688499,1.1102916895982389,0.11699504678040717,-0.14192074848651626,-0.13408365437534409,-0.10550082553659876,152512.95404512933,0.5030486583709717
-0.08464501926252066,-0.08611447440836545,-0.3929526692350027,1.1157842597688499,1.150291689598239,0.11699504678040717,-0.10192074848651633,-0.08408365437534404,-0.10550082553659876,153311.95404512933,0.5074543952941895
-0.08464501926252066,-0.08611447440836545,-0.4029526692350027,1.1157842597688499,1.130291689598239,0.1369950467804072,-0.08192074848651631,-0.07408365437534414,-0.10550082553659876,152624.95404512933,0.5074543952941895
-0.08464501926252066,-0.08611447440836545,-0.36295266923500275,1.0657842597688498,1.0702916895982388,0.10699504678040717,-0.03192074848651627,-0.0240836543753441,-0.10550082553659876,150007.95404512933,0.5108911991119385
-0.08464501926252066,-0.08611447440836545,-0.3329526692350027,1.0557842597688498,1.0602916895982388,0.08699504678040715,-0.04192074848651628,-0.03408365437534411,-0.10550082553659876,147378.95404512933,0.5163757801055908
-0.08464501926252066,-0.08611447440836545,-0.30295266923500275,1.0557842597688498,1.0602916895982388,0.05699504678040712,-0.0019207484865162439,0.005916345624655928,-0.11550082553659877,146677.95404512933,0.5193781852722168
-0.08464501926252066,-0.08611447440836545,-0.29295266923500274,1.1157842597688499,1.1202916895982389,0.04699504678040711,0.03807925151348368,0.035916345624655954,-0.12550082553659875,144160.95404512933,0.5203502178192103
-0.08464501926252066,-0.08611447440836545,-0.2729526692350027,1.0657842597688498,1.0602916895982388,0.016995046780407197,0.09807925151348373,0.08591634562465589,-0.13550082553659876,139987.95404512933,0.5236968994140625
-0.08464501926252066,-0.08611447440836545,-0.3129526692350027,0.9957842597688497,1.0002916895982388,0.006995046780407188,0.09807925151348373,0.11591634562465591,-0.12550082553659875,136900.95404512933,0.528705358505249
-0.08464501926252066,-0.07611447440836544,-0.3329526692350027,0.9157842597688496,0.9102916895982387,-0.01300495321959283,0.10807925151348374,0.11591634562465591,-0.12550082553659875,136005.95404512933,0.5326898097991943
-0.08464501926252066,-0.07611447440836544,-0.3329526692350027,0.9157842597688496,0.9102916895982387,-0.06300495321959287,0.11807925151348375,0.1059163456246559,-0.16550082553659876,136056.95404512933,0.5358471870422399
-0.07464501926252065,-0.07611447440836544,-0.36295266923500275,0.8757842597688498,0.8602916895982389,-0.07300495321959283,0.13807925151348377,0.12591634562465592,-0.18550082553659875,133983.95404512933,0.5366847515106201
-0.06464501926252066,-0.06611447440836545,-0.36295266923500275,0.8157842597688497,0.8202916895982388,-0.08300495321959284,0.10807925151348374,0.0959163456246559,-0.18550082553659875,130644.95404512933,0.5406723022460938
-0.06464501926252066,-0.05611447440836544,-0.30295266923500275,0.7957842597688497,0.7702916895982388,-0.11300495321959286,0.08807925151348373,0.07591634562465588,-0.17550082553659876,127663.95404512933,0.5440006256103516
-0.06464501926252066,-0.05611447440836544,-0.3929526692350027,0.7357842597688496,0.7002916895982388,-0.11300495321959286,0.04807925151348369,0.04591634562465585,-0.19550082553659875,124666.95404512933,0.5481135845184362
-0.07464501926252065,-0.07611447440836544,-0.44295266923500276,0.6557842597688497,0.6202916895982388,-0.07300495321959283,0.008079251513483765,-0.01408365437534409,-0.18550082553659875,122065.95404512933,0.5490334033966064
-0.08464501926252066,-0.07611447440836544,-0.4929526692350027,0.5957842597688496,0.5702916895982388,-0.10300495321959285,-0.02192074848651626,-0.0240836543753441,-0.17550082553659876,120488.95404512933,0.5517523288726807
-0.07464501926252065,-0.06611447440836545,-0.47295266923500273,0.5457842597688497,0.5202916895982388,-0.10300495321959285,0.03807925151348368,0.005916345624655928,-0.16550082553659876,120001.95404512933,0.5573976039886475
-0.08464501926252066,-0.07611447440836544,-0.4929526692350027,0.5257842597688497,0.5002916895982388,-0.13300495321959283,-0.05192074848651629,-0.04408365437534412,-0.16550082553659876,120000.95404512933,0.5608916282653809
-0.08464501926252066,-0.08611447440836545,-0.5529526692350027,0.4257842597688497,0.4202916895982388,-0.11300495321959286,-0.15192074848651627,-0.13408365437534409,-0.17550082553659876,119701.95404512933,0.5618586540222168
-0.09464501926252065,-0.08611447440836545,-0.5529526692350027,0.2857842597688497,0.2602916895982388,-0.13300495321959283,-0.16192074848651627,-0.1440836543753441,-0.16550082553659876,119116.95404512933,0.5646641254425049
-0.08464501926252066,-0.08611447440836545,-0.5529526692350027,0.2157842597688497,0.2202916895982388,-0.14300495321959283,-0.12192074848651624,-0.11408365437534407,-0.14550082553659877,118675.95404512933,0.5691015720367432
-0.08464501926252066,-0.08611447440836545,-0.5429526692350027,0.1457842597688497,0.1402916895982388,-0.14300495321959283,-0.12192074848651624,-0.10408365437534406,-0.13550082553659876,116524.95404512933,0.5731015205383301
-0.09464501926252065,-0.08611447440836545,-0.5829526692350027,0.1357842597688497,0.13029168959823878,-0.11300495321959286,-0.10192074848651633,-0.07408365437534414,-0.12550082553659875,113873.95404512933,0.5731015205383301
-0.09464501926252065,-0.09611447440836544,-0.6329526692350027,0.1257842597688497,0.12029168959823883,-0.10300495321959285,-0.0619207484865163,-0.06408365437534413,-0.14550082553659877,111904.95404512933,0.5771014690399205
-0.07464501926252065,-0.07611447440836544,-0.6529526692350027,0.1357842597688497,0.1402916895982388,-0.08300495321959284,-0.08192074848651631,-0.07408365437534414,-0.13550082553659876,110033.95404512933,0.5808920860290527
-0.09464501926252065,-0.08611447440836545,-0.6529526692350027,0.1457842597688497,0.1502916895982388,-0.09300495321959285,-0.11192074848651623,-0.11408365437534407,-0.16550082553659876,107504.95404512933,0.5860652923583984
-0.054645019262520654,-0.06611447440836545,-0.6529526692350027,0.1357842597688497,0.1502916895982388,-0.09300495321959285,-0.15192074848651627,-0.13408365437534409,-0.15550082553659875,104937.95404512933,0.5860652923583984
-0.014645019262520653,-0.016114474408365442,-0.5729526692350028,0.1257842597688497,0.13029168959823878,-0.11300495321959286,-0.1819207484865163,-0.17408365437534412,-0.19550082553659875,103550.95404512933,0.5890645980834961
0.23535498073747935,0.2538855255916345,-0.5729526692350028,0.11578425976884973,0.12029168959823883,-0.14300495321959283,-0.17192074848651628,-0.1640836543753441,-0.21550082553659877,102395.95404512933,0.5940611362457275
0.5553549807374794,0.5338855255916346,-0.44295266923500276,0.0757842597688497,0.08029168959823879,-0.16300495321959285,-0.2019207484865163,-0.18408365437534407,-0.24550082553659874,101044.95404512933,0.597148180007931
0.9053549807374793,0.8838855255916346,-0.30295266923500275,0.04578425976884973,0.05029168959823882,-0.17300495321959286,-0.16192074848651627,-0.1640836543753441,-0.25550082553659875,99795.95404512933,0.6013140678405762
1.3253549807374794,1.3238855255916344,-0.002952669235002703,-0.004215740231150289,0.00029168959823880347,-0.22300495321959285,-0.1819207484865163,-0.1640836543753441,-0.25550082553659875,98912.95404512933,0.6023862361907995
1.5853549807374794,1.5938855255916344,0.16704733076499723,-0.02421574023115028,-0.009708310401761205,-0.19300495321959282,-0.2019207484865163,-0.2040836543753441,-0.24550082553659874,97473.95404512933,0.6058907508850098
1.9553549807374793,1.9238855255916345,0.40704733076499733,-0.0442157402311503,-0.039708310401761204,-0.20300495321959283,-0.2619207484865163,-0.24408365437534407,-0.24550082553659874,95974.95404512933,0.6092593669891357
2.205354980737479,2.1938855255916345,0.6770473307649973,-0.05421574023115028,-0.049708310401761185,-0.19300495321959282,-0.27192074848651626,-0.2740836543753441,-0.24550082553659874,94697.95404512933,0.6135523319244385
2.495354980737479,2.4838855255916346,1.0970473307649973,-0.0742157402311503,-0.059708310401761194,-0.24300495321959287,-0.3519207484865163,-0.3540836543753441,-0.26550082553659876,93616.95404512933,0.6143226623535192
2.6953549807374793,2.6838855255916343,1.3870473307649973,-0.0742157402311503,-0.0697083104017612,-0.2530049532195928,-0.3719207484865163,-0.3740836543753441,-0.27550082553659877,92163.95404512933,0.6183228492736816
2.8753549807374794,2.8638855255916345,1.7470473307649972,-0.08421574023115028,-0.0697083104017612,-0.3130049532195929,-0.4219207484865163,-0.4240836543753441,-0.2855008255365988,90724.95404512933,0.6227543354034388
2.995354980737479,2.9838855255916346,2.037047330764997,-0.08421574023115028,-0.07970831040176118,-0.33300495321959284,-0.4219207484865163,-0.4240836543753441,-0.29550082553659873,90351.95404512933,0.6262345314025879
3.0853549807374794,3.0938855255916344,2.2270473307649974,-0.09421574023115029,-0.07970831040176118,-0.34300495321959285,-0.4419207484865163,-0.4440836543753441,-0.27550082553659877,90656.95404512933,0.6262345314025879
3.155354980737479,3.1638855255916343,2.377047330764997,-0.09421574023115029,-0.07970831040176118,-0.35300495321959285,-0.4619207484865163,-0.4640836543753441,-0.29550082553659873,91227.95404512933,0.6299722194671631
3.225354980737479,3.2338855255916346,2.497047330764997,-0.09421574023115029,-0.0897083104017612,-0.3730049532195928,-0.4719207484865163,-0.47408365437534405,-0.29550082553659873,91580.95404512933,0.6339640617370605
3.265354980737479,3.2738855255916346,2.5970473307649975,-0.1042157402311503,-0.0897083104017612,-0.3730049532195928,-0.4819207484865163,-0.48408365437534406,-0.29550082553659873,91437.95404512933,0.6388642787933314
3.2953549807374793,3.3038855255916344,2.697047330764997,-0.09421574023115029,-0.07970831040176118,-0.3830049532195928,-0.4919207484865163,-0.4940836543753441,-0.29550082553659873,91272.95404512933,0.6388642787933314
3.305354980737479,3.3138855255916346,2.8070473307649975,-0.08421574023115028,-0.0697083104017612,-0.39300495321959283,-0.4919207484865163,-0.4940836543753441,-0.29550082553659873,91315.95404512933,0.6425185203552246
3.2953549807374793,3.3238855255916344,2.867047330764997,-0.08421574023115028,-0.0697083104017612,-0.39300495321959283,-0.4819207484865163,-0.48408365437534406,-0.29550082553659873,90698.95404512933,0.6464293003082275
3.2953549807374793,3.3138855255916346,2.9370473307649974,-0.06421574023115029,-0.049708310401761185,-0.3830049532195928,-0.4919207484865163,-0.4940836543753441,-0.29550082553659873,90327.95404512933,0.6508719921112096
3.285354980737479,3.2938855255916346,2.957047330764997,-0.0442157402311503,-0.029708310401761195,-0.3730049532195928,-0.5019207484865162,-0.4940836543753441,-0.29550082553659873,89426.95404512933,0.6518573760986364
3.2753549807374793,3.2738855255916346,2.997047330764997,-0.03421574023115029,-0.009708310401761205,-0.3730049532195928,-0.5119207484865163,-0.4940836543753441,-0.29550082553659873,87651.95404512933,0.6548409461975098
3.245354980737479,3.2538855255916346,3.0070473307649976,-0.02421574023115028,-0.009708310401761205,-0.3730049532195928,-0.5219207484865163,-0.5040836543753441,-0.30550082553659874,85310.95404512933,0.6593408584594762
3.185354980737479,3.1938855255916345,3.0070473307649976,0.02578425976884971,0.04029168959823881,-0.35300495321959285,-0.5319207484865163,-0.5140836543753441,-0.30550082553659874,83219.95404512933,0.663597822189331
3.1053549807374794,3.1038855255916347,2.997047330764997,0.0757842597688497,0.10029168959823881,-0.33300495321959284,-0.4919207484865163,-0.47408365437534405,-0.29550082553659873,81174.95404512933,0.663597822189331
2.915354980737479,2.9438855255916345,2.9770473307649974,0.2157842597688497,0.24029168959823882,-0.3130049532195929,-0.4619207484865163,-0.4540836543753441,-0.29550082553659873,78907.95404512933,0.6676461696624791
2.705354980737479,2.7438855255916343,2.9270473307649976,0.4157842597688497,0.4302916895982388,-0.27300495321959284,-0.4319207484865163,-0.43408365437534413,-0.29550082553659873,75924.95404512933,0.6709609031677246
2.405354980737479,2.4638855255916345,2.827047330764997,0.7257842597688496,0.7402916895982388,-0.20300495321959283,-0.4119207484865163,-0.4140836543753441,-0.29550082553659873,72215.95404512933,0.6763284206390416
2.1253549807374794,2.1838855255916343,2.707047330764997,1.0357842597688498,1.0602916895982388,-0.10300495321959285,-0.3819207484865163,-0.4140836543753441,-0.29550082553659873,68854.95404512933,0.6786582469940186
1.8653549807374794,1.9138855255916343,2.4670473307649976,1.3357842597688498,1.3502916895982389,0.06699504678040713,-0.3719207484865163,-0.3940836543753441,-0.29550082553659873,65491.95404512933,0.6793272495269775
1.6453549807374794,1.6938855255916345,2.3070473307649975,1.5657842597688498,1.5802916895982388,0.2669950467804072,-0.34192074848651627,-0.36408365437534407,-0.29550082553659873,61948.95404512933,0.6834046840667689
1.4153549807374795,1.4738855255916345,2.0570473307649975,1.8057842597688496,1.8102916895982386,0.5269950467804072,-0.33192074848651626,-0.3540836543753441,-0.2855008255365988,59393.95404512933,0.6884047985076904
1.2553549807374795,1.3238855255916344,1.9070473307649973,1.9657842597688497,1.9702916895982387,0.6869950467804071,-0.3219207484865163,-0.3540836543753441,-0.2855008255365988,57264.95404512933,0.6913769245147705
1.0853549807374794,1.1538855255916345,1.6770473307649973,2.16578425976885,2.160291689598239,0.8969950467804071,-0.33192074848651626,-0.36408365437534407,-0.27550082553659877,55827.95404512933,0.6923844814300537
1.0153549807374795,1.0638855255916344,1.5270473307649974,2.2857842597688496,2.280291689598239,1.0769950467804073,-0.3819207484865163,-0.3940836543753441,-0.26550082553659876,55052.95404512933,0.6952941417694092
0.8853549807374793,0.9238855255916346,1.2970473307649972,2.4457842597688497,2.450291689598239,1.2769950467804072,-0.4119207484865163,-0.43408365437534413,-0.26550082553659876,54625.95404512933,0.7000949382781982
0.7953549807374793,0.8338855255916346,1.1970473307649974,2.5757842597688496,2.580291689598239,1.396995046780407,-0.4719207484865163,-0.4640836543753441,-0.25550082553659875,54484.95404512933,0.7031850814819336
0.7353549807374793,0.7538855255916346,1.0070473307649972,2.6557842597688497,2.6702916895982387,1.576995046780407,-0.4819207484865163,-0.4940836543753441,-0.25550082553659875,54177.95404512933,0.7042315006256104
0.6953549807374794,0.7038855255916346,0.9170473307649973,2.7157842597688497,2.7502916895982388,1.7069950467804074,-0.5319207484865163,-0.5140836543753441,-0.25550082553659875,54076.95404512933,0.708249568939209
0.6153549807374793,0.6338855255916346,0.8070473307649972,2.79578425976885,2.820291689598239,1.766995046780407,-0.5719207484865163,-0.5540836543753441,-0.25550082553659875,53891.95404512933,0.7122256755828893
0.5853549807374794,0.5938855255916345,0.7270473307649972,2.8457842597688496,2.860291689598239,1.8769950467804073,-0.5719207484865163,-0.5540836543753441,-0.24550082553659874,52740.95404512933,0.7162497043609584
0.5253549807374793,0.5338855255916346,0.6370473307649973,2.85578425976885,2.9302916895982385,1.9569950467804074,-0.5719207484865163,-0.574083654375344,-0.24550082553659874,51607.95404512933,0.7162497043609584
0.4553549807374794,0.5038855255916346,0.5670473307649972,2.8657842597688497,3.0202916895982392,1.996995046780407,-0.5419207484865163,-0.6040836543753441,-0.24550082553659874,50658.95404512933,0.7202968597412109
0.3953549807374793,0.4438855255916346,0.5270473307649972,2.89578425976885,3.070291689598239,2.0169950467804068,-0.5419207484865163,-0.6040836543753441,-0.23550082553659876,49391.95404512933,0.7235181331634486
0.3753549807374793,0.40388552559163454,0.4970473307649972,2.9057842597688497,3.1002916895982384,2.0169950467804068,-0.5319207484865163,-0.594083654375344,-0.22550082553659875,48536.95404512933,0.7295327186584473
0.3853549807374793,0.3838855255916345,0.47704733076499717,2.95578425976885,3.070291689598239,1.9669950467804072,-0.5519207484865163,-0.5640836543753441,-0.22550082553659875,47909.95404512933,0.7295327186584473
0.34535498073747933,0.35388552559163455,0.5170473307649972,2.9657842597688497,3.0502916895982386,1.9269950467804071,-0.5019207484865162,-0.5240836543753441,-0.21550082553659877,47072.95404512933,0.7325267791748047
0.3353549807374793,0.33388552559163454,0.42704733076499735,2.97578425976885,3.040291689598239,1.906995046780407,-0.5119207484865163,-0.5040836543753441,-0.20550082553659876,46327.95404512933,0.7375741004943848
0.3253549807374793,0.33388552559163454,0.40704733076499733,2.91578425976885,2.990291689598239,1.886995046780407,-0.4519207484865163,-0.47408365437534405,-0.18550082553659875,45334.95404512933,0.7410261631011998
0.30535498073747935,0.30388552559163456,0.3970473307649973,2.8657842597688497,2.950291689598239,1.8369950467804073,-0.3819207484865163,-0.43408365437534413,-0.17550082553659876,43893.95404512933,0.7442660331726074
0.3153549807374793,0.30388552559163456,0.3970473307649973,2.6957842597688497,2.9302916895982385,1.7569950467804072,-0.2419207484865163,-0.4240836543753441,-0.15550082553659875,43332.95404512933,0.7450051307678223
0.28535498073747934,0.28388552559163455,0.40704733076499733,2.7157842597688497,2.830291689598239,1.7169950467804072,-0.2419207484865163,-0.3140836543753441,-0.14550082553659877,42487.95404512933,0.7495570182800293
0.2653549807374793,0.27388552559163454,0.41704733076499734,2.5757842597688496,2.700291689598239,1.656995046780407,-0.13192074848651625,-0.19408365437534408,-0.13550082553659876,41232.95404512933,0.7530465126037598
0.23535498073747935,0.2538855255916345,0.3970473307649973,2.27578425976885,2.6702916895982387,1.6269950467804073,0.06807925151348371,-0.1440836543753441,-0.12550082553659875,40129.95404512933,0.7569870948791504
0.23535498073747935,0.2538855255916345,0.3670473307649973,2.27578425976885,2.4702916895982385,1.576995046780407,0.16807925151348369,0.005916345624655928,-0.11550082553659877,39484.95404512933,0.7569870948791504
0.2553549807374793,0.26388552559163453,0.42704733076499735,2.10578425976885,2.290291689598239,1.516995046780407,0.3180792515134837,0.15591634562465595,-0.09550082553659875,38659.95404512933,0.7620334625244105
0.21535498073747933,0.24388552559163457,0.42704733076499735,1.9457842597688497,2.120291689598239,1.4569950467804071,0.48807925151348364,0.3359163456246559,-0.08550082553659877,38416.95404512933,0.7656650543212891
0.21535498073747933,0.22388552559163455,0.41704733076499734,1.8157842597688498,1.980291689598239,1.366995046780407,0.6380792515134838,0.465916345624656,-0.06550082553659875,37627.95404512933,0.7690486907958984
0.18535498073747936,0.20388552559163453,0.3970473307649973,1.6557842597688497,1.8602916895982389,1.2969950467804072,0.8380792515134837,0.6059163456246559,-0.05550082553659874,37226.95404512933,0.7690486907958984
0.17535498073747935,0.20388552559163453,0.41704733076499734,1.5257842597688498,1.7902916895982386,1.2069950467804071,0.9780792515134836,0.705916345624656,-0.04550082553659873,37247.95404512933,0.7730875015258789
0.16535498073747934,0.19388552559163452,0.3770473307649973,1.4057842597688497,1.6102916895982389,1.106995046780407,1.1180792515134836,0.8959163456246559,-0.015500825536598761,37076.95404512933,0.7781374454498291
0.14535498073747932,0.15388552559163454,0.3770473307649973,1.3457842597688499,1.4402916895982387,1.0269950467804072,1.1980792515134837,1.105916345624656,0.0044991744634012565,36931.95404512933,0.7812213897705078
0.11535498073747934,0.12388552559163456,0.30704733076499724,1.1757842597688497,1.2902916895982388,1.0169950467804072,1.3980792515134834,1.2359163456246558,0.054499174463401245,36554.95404512933,0.782304048538208
0.09535498073747935,0.11388552559163455,0.22704733076499728,1.0357842597688498,1.1702916895982387,0.9669950467804072,1.5380792515134836,1.415916345624656,0.16449917446340123,35791.95404512933,0.7863028049468994
0.04535498073747936,0.05388552559163455,0.11704733076499729,0.8857842597688498,0.9902916895982388,0.856995046780407,1.6780792515134837,1.5659163456246559,0.4744991744634013,34772.95404512933,0.7895166873931885
0.03535498073747935,0.03388552559163456,0.03704733076499722,0.6957842597688497,0.7802916895982388,0.7869950467804072,1.9280792515134837,1.8659163456246557,0.7744991744634013,32689.954045129332,0.7935605049133301
0.005354980737479351,-0.006114474408365447,-0.08295266923500277,0.5457842597688497,0.5902916895982389,0.6269950467804071,2.1280792515134834,2.1159163456246555,1.1444991744634012,29794.954045129332,0.7945504188537598
-0.03464501926252066,-0.026114474408365437,-0.21295266923500272,0.38578425976884967,0.4302916895982388,0.5369950467804072,2.3280792515134836,2.3259163456246563,1.5244991744634013,27529.954045129332,0.7985460758209229
-0.03464501926252066,-0.04611447440836544,-0.24295266923500275,0.3157842597688497,0.37029168959823877,0.46699504678040715,2.4480792515134837,2.455916345624656,1.8444991744634012,25398.954045129332,0.8018596172332799
-0.04464501926252065,-0.04611447440836544,-0.28295266923500273,0.2657842597688497,0.33029168959823885,0.3869950467804072,2.5180792515134836,2.5259163456246556,2.014499174463401,22779.954045129332,0.8057782649993896
-0.06464501926252066,-0.06611447440836545,-0.3329526692350027,0.22578425976884972,0.2702916895982388,0.3069950467804071,2.5780792515134836,2.585916345624656,2.2344991744634015,21430.954045129332,0.8098287582397425
-0.06464501926252066,-0.06611447440836545,-0.3729526692350027,0.18578425976884969,0.2202916895982388,0.22699504678040716,2.6180792515134836,2.635916345624656,2.4144991744634012,21535.954045129332,0.8108086585998535
-0.06464501926252066,-0.06611447440836545,-0.3929526692350027,0.15578425976884971,0.18029168959823882,0.1369950467804072,2.6280792515134834,2.6459163456246557,2.5344991744634013,21280.954045129332,0.8150699138641357
-0.06464501926252066,-0.06611447440836545,-0.4529526692350027,0.05578425976884974,0.0902916895982388,0.07699504678040714,2.6380792515134837,2.665916345624656,2.684499174463401,20685.954045129332,0.8191041946411168
-0.07464501926252065,-0.07611447440836544,-0.4929526692350027,0.05578425976884974,0.08029168959823879,0.026995046780407206,2.6080792515134834,2.6559163456246555,2.794499174463401,20250.954045129332,0.8225104808807373
-0.07464501926252065,-0.07611447440836544,-0.5029526692350027,-0.014215740231150298,0.00029168959823880347,-0.07300495321959283,2.5780792515134836,2.635916345624656,2.874499174463401,19521.954045129332,0.8235816955566406
-0.07464501926252065,-0.07611447440836544,-0.5129526692350027,-0.02421574023115028,-0.019708310401761187,-0.11300495321959286,2.5180792515134836,2.5759163456246563,2.9544991744634013,18646.954045129332,0.8266224861145055
-0.08464501926252066,-0.08611447440836545,-0.5129526692350027,-0.05421574023115028,-0.049708310401761185,-0.13300495321959283,2.3880792515134837,2.475916345624656,3.014499174463401,17745.954045129332,0.8316230773925746
-0.08464501926252066,-0.08611447440836545,-0.5329526692350027,-0.0442157402311503,-0.049708310401761185,-0.16300495321959285,2.2280792515134835,2.4459163456246555,3.0744991744634014,16234.954045129332,0.8348667621612513
-0.08464501926252066,-0.08611447440836545,-0.5729526692350028,-0.05421574023115028,-0.029708310401761195,-0.18300495321959287,2.1580792515134837,2.3159163456246556,3.1044991744634016,14969.954045129332,0.8359289169311523
-0.08464501926252066,-0.08611447440836545,-0.5529526692350027,-0.0442157402311503,-0.049708310401761185,-0.21300495321959284,1.7980792515134838,2.205916345624656,3.1044991744634016,13684.954045129332,0.8388676643371618
-0.08464501926252066,-0.08611447440836545,-0.5629526692350028,-0.03421574023115029,-0.039708310401761204,-0.20300495321959283,1.7980792515134838,2.045916345624656,3.094499174463401,12217.954045129332,0.8439211845397949
-0.08464501926252066,-0.08611447440836545,-0.5629526692350028,-0.02421574023115028,-0.019708310401761187,-0.21300495321959284,1.6580792515134837,1.8459163456246561,3.054499174463401,11096.954045129332,0.8471550941467285
-0.08464501926252066,-0.08611447440836545,-0.5429526692350027,-0.02421574023115028,-0.019708310401761187,-0.21300495321959284,1.4380792515134835,1.6759163456246557,3.004499174463401,9835.954045129332,0.8479211330413854
-0.08464501926252066,-0.08611447440836545,-0.5329526692350027,-0.014215740231150298,-0.019708310401761187,-0.18300495321959287,1.3080792515134836,1.4259163456246557,2.9144991744634012,8916.954045129332,0.8522467613220215
-0.08464501926252066,-0.08611447440836545,-0.5329526692350027,-0.014215740231150298,-0.009708310401761205,-0.17300495321959286,1.2080792515134835,1.3159163456246559,2.8144991744634016,7803.954045129332,0.8564937114715612
-0.08464501926252066,-0.08611447440836545,-0.5229526692350027,-0.014215740231150298,-0.009708310401761205,-0.16300495321959285,1.1280792515134839,1.225916345624656,2.7044991744634013,6732.954045129332,0.8598101139068604
-0.08464501926252066,-0.08611447440836545,-0.4929526692350027,-0.014215740231150298,-0.009708310401761205,-0.14300495321959283,1.0480792515134838,1.125916345624656,2.544499174463401,6153.954045129332,0.8598101139068604
-0.08464501926252066,-0.07611447440836544,-0.47295266923500273,-0.02421574023115028,-0.019708310401761187,-0.12300495321959287,0.8980792515134838,0.965916345624656,2.3544991744634016,6012.954045129332,0.8638098239898682
-0.07464501926252065,-0.07611447440836544,-0.44295266923500276,-0.014215740231150298,-0.009708310401761205,-0.09300495321959285,0.7680792515134837,0.8259163456246559,2.1144991744634014,5615.954045129332,0.8681380748748815
-0.07464501926252065,-0.07611447440836544,-0.42295266923500274,-0.014215740231150298,-0.019708310401761187,-0.07300495321959283,0.6480792515134838,0.685916345624656,1.8544991744634014,5488.954045129332,0.8721380233764648
-0.07464501926252065,-0.07611447440836544,-0.3929526692350027,-0.014215740231150298,-0.009708310401761205,-0.03300495321959285,0.49807925151348365,0.5259163456246558,1.4944991744634013,5263.954045129332,0.8721380233764648
-0.07464501926252065,-0.07611447440836544,-0.3829526692350027,0.0157842597688497,0.00029168959823880347,0.006995046780407188,0.38807925151348377,0.3559163456246559,1.1844991744634012,4524.954045129332,0.8766148090362513
-0.07464501926252065,-0.07611447440836544,-0.3829526692350027,0.0157842597688497,-0.009708310401761205,0.04699504678040711,0.38807925151348377,0.29591634562465585,0.9244991744634012,4067.9540451293324,0.8796291351318395
-0.08464501926252066,-0.07611447440836544,-0.36295266923500275,0.0157842597688497,0.010291689598238812,0.026995046780407206,0.26807925151348366,0.30591634562465586,0.7844991744634013,3930.9540451293324,0.8845148086547852
-0.08464501926252066,-0.07611447440836544,-0.36295266923500275,0.0157842597688497,0.010291689598238812,0.08699504678040715,0.26807925151348366,0.20591634562465588,0.5644991744634013,3239.9540451293324,0.8875148296356201
-0.07464501926252065,-0.07611447440836544,-0.3229526692350027,0.03578425976884972,0.00029168959823880347,0.07699504678040714,0.24807925151348376,0.07591634562465588,0.3844991744634012,3142.9540451293324,0.8884937763214111
-0.07464501926252065,-0.07611447440836544,-0.3129526692350027,0.03578425976884972,-0.009708310401761205,0.07699504678040714,0.27807925151348367,0.0959163456246559,0.33449917446340127,3049.9540451293324,0.8931782245635986
-0.07464501926252065,-0.07611447440836544,-0.3229526692350027,0.02578425976884971,-0.019708310401761187,0.08699504678040715,0.2880792515134837,0.025916345624655945,0.2644991744634012,3040.9540451293324,0.8960599899291992
-0.07464501926252065,-0.06611447440836545,-0.3229526692350027,0.0157842597688497,0.010291689598238812,0.08699504678040715,0.12807925151348376,0.17591634562465586,0.21449917446340128,3647.9540451293324,0.8998012542724609
-0.06464501926252066,-0.06611447440836545,-0.28295266923500273,-0.004215740231150289,0.00029168959823880347,0.08699504678040715,0.12807925151348376,0.14591634562465594,0.18449917446340125,3584.9540451293324,0.9005391597747803
-0.06464501926252066,-0.06611447440836545,-0.30295266923500275,0.02578425976884971,-0.009708310401761205,0.08699504678040715,0.07807925151348372,0.0959163456246559,0.16449917446340123,3909.9540451293324,0.9045391082763672
-0.06464501926252066,-0.06611447440836545,-0.29295266923500274,0.00578425976884972,0.00029168959823880347,0.12699504678040718,0.028079251513483672,0.05591634562465586,0.14449917446340121,4292.954045129332,0.9090344905853271
-0.06464501926252066,-0.05611447440836544,-0.3129526692350027,-0.004215740231150289,0.00029168959823880347,0.10699504678040717,0.03807925151348368,0.025916345624655945,0.09449917446340123,4381.954045129332,0.9122669696807826
-0.054645019262520654,-0.06611447440836545,-0.30295266923500275,0.03578425976884972,-0.049708310401761185,0.10699504678040717,0.16807925151348369,-0.2040836543753441,0.07449917446340126,4008.9540451293324,0.9132790565490723
-0.06464501926252066,-0.06611447440836545,-0.3129526692350027,0.04578425976884973,0.00029168959823880347,0.09699504678040716,-0.0619207484865163,-0.2040836543753441,0.06449917446340125,3251.9540451293324,0.9173204898834229
-0.054645019262520654,-0.05611447440836544,-0.3129526692350027,0.0157842597688497,-0.009708310401761205,0.10699504678040717,-0.08192074848651631,-0.06408365437534413,0.02449917446340122,3194.9540451293324,0.9209318161010778
-0.06464501926252066,-0.05611447440836544,-0.30295266923500275,-0.004215740231150289,0.00029168959823880347,0.08699504678040715,-0.09192074848651632,-0.04408365437534412,0.02449917446340122,4041.9540451293324,0.924962043762207
-0.06464501926252066,-0.05611447440836544,-0.3129526692350027,-0.004215740231150289,0.00029168959823880347,0.10699504678040717,-0.09192074848651632,-0.1440836543753441,0.02449917446340122,4082.9540451293324,0.9260170459747314
-0.054645019262520654,-0.05611447440836544,-0.30295266923500275,0.00578425976884972,0.00029168959823880347,0.11699504678040717,-0.09192074848651632,-0.2240836543753441,0.02449917446340122,3647.9540451293324,0.9291446208953857
-0.04464501926252065,-0.04611447440836544,-0.29295266923500274,-0.004215740231150289,0.00029168959823880347,0.08699504678040715,-0.16192074848651627,-0.13408365437534409,0.03449917446340123,3556.9540451293324,0.9335582256317174
-0.04464501926252065,-0.036114474408365446,-0.29295266923500274,-0.004215740231150289,0.00029168959823880347,0.09699504678040716,-0.1919207484865163,-0.1540836543753441,0.014499174463401265,3869.9540451293324,0.9375498294830322
-0.04464501926252065,-0.04611447440836544,-0.29295266923500274,0.00578425976884972,0.00029168959823880347,0.08699504678040715,-0.1919207484865163,-0.1540836543753441,0.014499174463401265,3784.9540451293324,0.938557624816891
-0.06464501926252066,-0.05611447440836544,-0.30295266923500275,0.0157842597688497,0.010291689598238812,0.06699504678040713,-0.21192074848651626,-0.17408365437534412,0.0044991744634012565,3631.9540451293324,0.9415583610534668
-0.054645019262520654,-0.05611447440836544,-0.30295266923500275,0.02578425976884971,0.010291689598238812,0.06699504678040713,-0.09192074848651632,-0.2140836543753441,0.0044991744634012565,3182.9540451293324,0.9455475807189977
-0.054645019262520654,-0.05611447440836544,-0.28295266923500273,0.03578425976884972,-0.009708310401761205,0.06699504678040713,-0.1919207484865163,-0.19408365437534408,0.0044991744634012565,2385.9540451293324,0.9495577812194789
-0.04464501926252065,-0.04611447440836544,-0.28295266923500273,0.05578425976884974,-0.049708310401761185,0.06699504678040713,-0.14192074848651626,-0.23408365437534412,-0.03550082553659878,2060.9540451293324,0.9533069133758509
-0.04464501926252065,-0.04611447440836544,-0.29295266923500274,0.0157842597688497,0.010291689598238812,0.05699504678040712,-0.22192074848651627,-0.2040836543753441,-0.03550082553659878,2353.9540451293324,0.9543685913085973
-0.04464501926252065,-0.05611447440836544,-0.28295266923500273,0.0757842597688497,-0.039708310401761204,0.036995046780407104,-0.22192074848651627,-0.2240836543753441,-0.02550082553659877,2468.9540451293324,0.9580836296081543
-0.03464501926252066,-0.04611447440836544,-0.28295266923500273,0.00578425976884972,-0.019708310401761187,0.04699504678040711,-0.23192074848651628,-0.2240836543753441,-0.03550082553659878,2223.9540451293324,0.9622640609741211
-0.03464501926252066,-0.036114474408365446,-0.28295266923500273,-0.004215740231150289,-0.07970831040176118,0.04699504678040711,-0.17192074848651628,-0.2940836543753441,-0.05550082553659874,2290.9540451293324,0.9655029773712158
-0.03464501926252066,-0.036114474408365446,-0.28295266923500273,-0.004215740231150289,-0.009708310401761205,0.036995046780407104,-0.17192074848651628,-0.2840836543753441,-0.05550082553659874,2073.9540451293324,0.96659255027771
-0.03464501926252066,-0.036114474408365446,-0.29295266923500274,-0.004215740231150289,-0.009708310401761205,0.04699504678040711,-0.23192074848651628,-0.2140836543753441,-0.05550082553659874,1700.9540451293324,0.9696857929229736
-0.03464501926252066,-0.036114474408365446,-0.30295266923500275,-0.004215740231150289,-0.009708310401761205,0.036995046780407104,-0.2519207484865163,-0.24408365437534407,-0.06550082553659875,1177.9540451293324,0.9747204780578613
-0.03464501926252066,-0.036114474408365446,-0.3129526692350027,-0.004215740231150289,0.00029168959823880347,0.016995046780407197,-0.23192074848651628,-0.2240836543753441,-0.07550082553659876,982.9540451293324,0.9779644012451207
-0.03464501926252066,-0.026114474408365437,-0.2729526692350027,-0.004215740231150289,0.00029168959823880347,0.016995046780407197,-0.23192074848651628,-0.2040836543753441,-0.08550082553659877,1137.9540451293324,0.9787092208862305
-0.024645019262520648,-0.036114474408365446,-0.2729526692350027,0.00578425976884972,0.00029168959823880347,0.006995046780407188,-0.1919207484865163,-0.2140836543753441,-0.07550082553659876,946.9540451293324,0.9816012382507289
-0.024645019262520648,-0.026114474408365437,-0.24295266923500275,0.00578425976884972,-0.009708310401761205,-0.01300495321959283,-0.1819207484865163,-0.2040836543753441,-0.08550082553659877,969.9540451293324,0.9870660305023193
-0.024645019262520648,-0.026114474408365437,-0.2529526692350027,-0.004215740231150289,-0.009708310401761205,0.006995046780407188,-0.1819207484865163,-0.1540836543753441,-0.08550082553659877,848.9540451293324,0.9903070926666224
-0.024645019262520648,-0.026114474408365437,-0.24295266923500275,-0.014215740231150298,-0.009708310401761205,-0.003004953219592821,-0.17192074848651628,-0.1540836543753441,-0.07550082553659876,705.9540451293324,0.9913234710693359
-0.024645019262520648,-0.026114474408365437,-0.23295266923500274,-0.014215740231150298,-0.009708310401761205,-0.01300495321959283,-0.1919207484865163,-0.1640836543753441,-0.08550082553659877,904.9540451293324,0.9955167770385707
-0.024645019262520648,-0.026114474408365437,-0.24295266923500275,-0.014215740231150298,-0.009708310401761205,-0.01300495321959283,-0.17192074848651628,-0.1440836543753441,-0.08550082553659877,855.9540451293324,0.9989418983459473
