-0.2526119198022521,-0.4547651744026368,-0.12060972260368033,-0.4002444383411149,-0.3865092007690196,-0.27621532546003835,-0.05331502334523483,-0.15731117824773416,-0.031230431200219733,47336.630870639936,0.001459407806397195
-0.2526119198022521,-0.42476517440263684,-0.09060972260368033,-0.4402444383411149,-0.39650920076901963,-0.3062153254600384,-0.05331502334523483,-0.14731117824773415,-0.031230431200219733,47521.630870639936,0.004990863800049539
-0.3226119198022521,-0.4447651744026368,-0.09060972260368033,-0.4102444383411149,-0.39650920076901963,-0.26621532546003834,-0.05331502334523483,-0.1373111782477342,-0.031230431200219733,47052.630870639936,0.004990863800049539
-0.33261191980225213,-0.4447651744026368,-0.07060972260368031,-0.37024443834111487,-0.32650920076901957,-0.3462153254600384,-0.05331502334523483,-0.09731117824773416,-0.021230431200219724,45913.630870639936,0.009475994110108132
-0.33261191980225213,-0.42476517440263684,-0.020609722603680325,-0.3502444383411149,-0.29650920076901954,-0.29621532546003837,-0.05331502334523483,-0.1273111782477342,-0.021230431200219724,45898.630870639936,0.013593006134033914
-0.3226119198022521,-0.3947651744026368,-0.11060972260368032,-0.3502444383411149,-0.28650920076901965,-0.25621532546003833,-0.043315023345234835,-0.10731117824773417,-0.021230431200219724,45941.630870639936,0.017592716217041726
-0.28261191980225214,-0.3747651744026368,-0.07060972260368031,-0.36024443834111486,-0.2265092007690196,-0.29621532546003837,-0.05331502334523483,-0.0773111782477342,-0.021230431200219724,45622.630870639936,0.017592716217041726
-0.3126119198022521,-0.3947651744026368,-0.060609722603680305,-0.36024443834111486,-0.20650920076901957,-0.27621532546003835,-0.05331502334523483,-0.057311178247734185,-0.021230431200219724,45979.630870639936,0.021593141555786843
-0.3026119198022521,-0.4047651744026368,-0.1306097226036803,-0.4002444383411149,-0.17650920076901955,-0.3562153254600384,-0.05331502334523483,-0.047311178247734176,-0.021230431200219724,45894.630870639936,0.025590944290161843
-0.33261191980225213,-0.4047651744026368,-0.12060972260368033,-0.4002444383411149,-0.16650920076901965,-0.37621532546003844,-0.043315023345234835,-0.027311178247734158,-0.011230431200219729,45925.630870639936,0.02959280014038157
-0.3226119198022521,-0.42476517440263684,-0.08060972260368032,-0.37024443834111487,-0.15650920076901964,-0.40621532546003836,-0.043315023345234835,-0.03731117824773417,-0.021230431200219724,46304.630870639936,0.030592727661133523
-0.3126119198022521,-0.3747651744026368,-0.020609722603680325,-0.3902444383411149,-0.14650920076901963,-0.4562153254600384,-0.03331502334523483,-0.03731117824773417,-0.0012304312002197337,46481.630870639936,0.034677791595459695
-0.35261191980225215,-0.3847651744026368,-0.050609722603680296,-0.3802444383411149,-0.17650920076901955,-0.37621532546003844,-0.02331502334523483,-0.017311178247734205,-0.0012304312002197337,46840.630870639936,0.03874974250793528
-0.3126119198022521,-0.3547651744026368,-0.09060972260368033,-0.36024443834111486,-0.20650920076901957,-0.40621532546003836,-0.013315023345234836,-0.007311178247734196,0.008769568799780275,46349.630870639936,0.041927385330200906
-0.3126119198022521,-0.33476517440263676,-0.04060972260368034,-0.36024443834111486,-0.14650920076901963,-0.4262153254600384,-0.043315023345234835,-0.017311178247734205,-0.011230431200219729,46360.630870639936,0.042742300033570046
-0.29261191980225215,-0.32476517440263686,-0.09060972260368033,-0.36024443834111486,-0.13650920076901962,-0.41621532546003837,-0.02331502334523483,-0.047311178247734176,-0.0012304312002197337,46369.630870639936,0.04608421325683665
-0.3026119198022521,-0.31476517440263685,-0.07060972260368031,-0.3502444383411149,-0.12650920076901961,-0.4662153254600384,-0.02331502334523483,-0.017311178247734205,0.01876956879978027,46804.630870639936,0.05073504447937083
-0.2526119198022521,-0.3647651744026368,-0.060609722603680305,-0.3402444383411149,-0.07650920076901957,-0.4762153254600384,-0.013315023345234836,0.04268882175226585,0.01876956879978027,47751.630870639936,0.05448298454284739
-0.22261191980225215,-0.32476517440263686,-0.020609722603680325,-0.37024443834111487,0.0034907992309805014,-0.5162153254600383,-0.013315023345234836,0.06268882175226587,0.028769568799780265,48786.630870639936,0.05850510597229075
-0.22261191980225215,-0.34476517440263676,-0.030609722603680334,-0.3802444383411149,0.1434907992309804,-0.5362153254600384,-0.013315023345234836,0.06268882175226587,0.01876956879978027,49015.630870639936,0.05949263572692942
-0.2526119198022521,-0.3647651744026368,-0.030609722603680334,-0.36024443834111486,0.23349079923098048,-0.5262153254600384,-0.013315023345234836,0.1126888217522658,0.028769568799780265,49444.630870639936,0.06351213455200266
-0.28261191980225214,-0.31476517440263685,-0.060609722603680305,-0.36024443834111486,0.2634907992309805,-0.5062153254600383,-0.013315023345234836,0.12268882175226581,0.038769568799780274,49593.630870639936,0.06666831970214915
-0.27261191980225213,-0.2847651744026368,-0.11060972260368032,-0.4002444383411149,0.42349079923098043,-0.5262153254600384,-0.02331502334523483,0.13268882175226582,0.01876956879978027,49876.630870639936,0.0708415985107429
-0.29261191980225215,-0.34476517440263676,-0.060609722603680305,-0.3902444383411149,0.5434907992309803,-0.5362153254600384,-0.003315023345234827,0.15268882175226584,0.038769568799780274,50307.630870639936,0.07193546295166087
-0.33261191980225213,-0.34476517440263676,-0.060609722603680305,-0.43024443834111487,0.6934907992309804,-0.5362153254600384,-0.003315023345234827,0.12268882175226581,0.058769568799780264,50784.630870639936,0.07552056312561106
-0.35261191980225215,-0.34476517440263676,-0.0006097226036803072,-0.4502444383411149,0.8634907992309804,-0.5462153254600384,0.016684976654765163,0.14268882175226583,0.058769568799780264,51037.630870639936,0.0785317897796638
-0.34261191980225214,-0.3547651744026368,0.009390277396319702,-0.4502444383411149,0.9534907992309805,-0.5262153254600384,0.006684976654765168,0.17268882175226585,0.06876956879978027,51042.630870639936,0.08256964683532786
-0.3226119198022521,-0.34476517440263676,-0.04060972260368034,-0.4602444383411149,1.1134907992309806,-0.5262153254600384,0.026684976654765172,0.17268882175226585,0.06876956879978027,51245.630870639936,0.08356528282165598
-0.33261191980225213,-0.3747651744026368,-0.020609722603680325,-0.49024443834111486,1.3034907992309805,-0.5562153254600384,0.016684976654765163,0.13268882175226582,0.07876956879978028,51460.630870639936,0.0875659465789802
-0.3026119198022521,-0.34476517440263676,0.009390277396319702,-0.5302444383411149,1.4234907992309802,-0.5762153254600384,0.026684976654765172,0.17268882175226585,0.08876956879978026,51411.630870639936,0.09167890548706126
-0.3026119198022521,-0.3547651744026368,-0.060609722603680305,-0.5302444383411149,1.5634907992309803,-0.5962153254600384,0.026684976654765172,0.19268882175226587,0.058769568799780264,51236.630870639936,0.09483366012573313
-0.3026119198022521,-0.2847651744026368,-0.12060972260368033,-0.5302444383411149,1.6334907992309806,-0.6462153254600385,0.016684976654765163,0.17268882175226585,0.06876956879978027,51301.630870639936,0.095835733413697
-0.35261191980225215,-0.2747651744026368,-0.060609722603680305,-0.5202444383411149,1.7134907992309802,-0.6462153254600385,0.026684976654765172,0.17268882175226585,0.08876956879978026,51000.630870639936,0.09883122444152903
-0.3626119198022521,-0.2747651744026368,-0.11060972260368032,-0.5302444383411149,1.7434907992309805,-0.6362153254600384,0.026684976654765172,0.2326888217522658,0.06876956879978027,51015.630870639936,0.10281782150268626
-0.39261191980225213,-0.2547651744026368,-0.11060972260368032,-0.5402444383411149,1.7834907992309805,-0.6662153254600384,0.03668497665476517,0.2526888217522658,0.07876956879978028,51678.630870639936,0.107829141616822
-0.34261191980225214,-0.19476517440263685,-0.08060972260368032,-0.5502444383411149,1.7734907992309803,-0.6862153254600384,0.05668497665476517,0.28268882175226584,0.08876956879978026,52257.630870639936,0.107829141616822
-0.3726119198022521,-0.22476517440263677,-0.10060972260368031,-0.5202444383411149,1.7534907992309803,-0.6662153254600384,0.05668497665476517,0.3526888217522658,0.07876956879978028,53160.630870639936,0.11182861328125071
-0.39261191980225213,-0.17476517440263684,-0.14060972260368032,-0.5302444383411149,1.6934907992309802,-0.6662153254600384,0.05668497665476517,0.44268882175226587,0.06876956879978027,53707.630870639936,0.11582307815551829
-0.3826119198022521,-0.15476517440263682,-0.1606097226036803,-0.5202444383411149,1.6234907992309804,-0.6662153254600384,0.05668497665476517,0.5326888217522658,0.058769568799780264,53380.630870639936,0.11983518600463938
-0.3726119198022521,-0.11476517440263678,-0.1606097226036803,-0.5102444383411149,1.5434907992309803,-0.6462153254600385,0.05668497665476517,0.6126888217522659,0.04876956879978028,53521.630870639936,0.1208591938018806
-0.3726119198022521,-0.06476517440263685,-0.15060972260368033,-0.5102444383411149,1.4334907992309804,-0.6462153254600385,0.06668497665476518,0.7226888217522658,0.06876956879978027,53838.630870639936,0.12420063018798899
-0.34261191980225214,-0.014765174402636805,-0.1606097226036803,-0.5002444383411149,1.3534907992309804,-0.6562153254600385,0.06668497665476518,0.7626888217522658,0.058769568799780264,54291.630870639936,0.12829356193542552
-0.3226119198022521,0.03523482559736324,-0.12060972260368033,-0.4702444383411149,1.2234907992309805,-0.6462153254600385,0.07668497665476516,0.8626888217522659,0.058769568799780264,55112.630870639936,0.132060098648072
-0.34261191980225214,0.04523482559736314,-0.12060972260368033,-0.48024443834111485,1.1134907992309806,-0.6462153254600385,0.07668497665476516,0.9726888217522658,0.038769568799780274,57049.630870639936,0.13609247207641673
-0.35261191980225215,0.08523482559736317,-0.12060972260368033,-0.5002444383411149,1.0134907992309805,-0.6462153254600385,0.08668497665476517,1.0426888217522658,0.07876956879978028,58696.630870639936,0.13609247207641673
-0.3626119198022521,0.1152348255973632,-0.12060972260368033,-0.5102444383411149,0.9234907992309802,-0.6362153254600384,0.08668497665476517,1.112688821752266,0.06876956879978027,60649.630870639936,0.1399193286895759
-0.3626119198022521,0.1252348255973632,-0.12060972260368033,-0.5102444383411149,0.8334907992309804,-0.6262153254600384,0.08668497665476517,1.1826888217522658,0.06876956879978027,62222.630870639936,0.14499001502990794
-0.3726119198022521,0.1252348255973632,-0.08060972260368032,-0.5102444383411149,0.7934907992309803,-0.6062153254600384,0.09668497665476518,1.2426888217522658,0.08876956879978026,62921.630870639936,0.14798073768615794
-0.40261191980225214,0.1152348255973632,-0.020609722603680325,-0.5202444383411149,0.7534907992309805,-0.5862153254600384,0.09668497665476518,1.2926888217522658,0.11876956879978026,63380.630870639936,0.14899282455444407
-0.41261191980225215,0.10523482559736319,0.04939027739631968,-0.5202444383411149,0.7134907992309805,-0.5862153254600384,0.09668497665476518,1.352688821752266,0.13876956879978028,64261.630870639936,0.15193085670471262
-0.4226119198022521,0.10523482559736319,0.04939027739631968,-0.5502444383411149,0.7034907992309805,-0.5762153254600384,0.10668497665476516,1.372688821752266,0.11876956879978026,64254.630870639936,0.15699558258056712
-0.46261191980225214,0.09523482559736318,0.03939027739631967,-0.5202444383411149,0.6934907992309804,-0.5662153254600384,0.10668497665476516,1.3926888217522657,0.13876956879978028,64889.630870639936,0.1610537052154548
-0.47261191980225215,0.1152348255973632,0.10939027739631968,-0.5202444383411149,0.6434907992309804,-0.5162153254600383,0.11668497665476517,1.3926888217522657,0.1887695687997803,65380.630870639936,0.16114835739135813
-0.4526119198022521,0.18523482559736326,0.0693902773963197,-0.5202444383411149,0.6034907992309804,-0.4762153254600384,0.11668497665476517,1.362688821752266,0.21876956879978027,66103.63087063993,0.16514353752136302
-0.46261191980225214,0.2652348255973631,0.08939027739631966,-0.5202444383411149,0.5334907992309803,-0.40621532546003836,0.11668497665476517,1.372688821752266,0.2487695687997803,66518.63087063993,0.1691542148590095
-0.4526119198022521,0.2752348255973631,0.1293902773963197,-0.5102444383411149,0.4934907992309805,-0.3262153254600384,0.11668497665476517,1.382688821752266,0.2487695687997803,67189.63087063993,0.1729708194732673
-0.4426119198022521,0.2552348255973631,0.21939027739631972,-0.49024443834111486,0.45349079923098046,-0.23621532546003843,0.13668497665476514,1.4126888217522657,0.27876956879978027,66922.63087063993,0.17400031089782786
-0.40261191980225214,0.23523482559736308,0.2093902773963197,-0.4602444383411149,0.44349079923098045,-0.14621532546003835,0.1266849766547652,1.4326888217522658,0.3087695687997803,66583.63087063993,0.17799882888794016
-0.4226119198022521,0.23523482559736308,0.2093902773963197,-0.4402444383411149,0.4134907992309804,-0.03621532546003836,0.13668497665476514,1.4526888217522658,0.33876956879978026,66052.63087063993,0.18199877738952708
-0.40261191980225214,0.2752348255973631,0.22939027739631973,-0.43024443834111487,0.3834907992309804,0.0037846745399616744,0.13668497665476514,1.4526888217522658,0.32876956879978025,65935.63087063993,0.18540744781494212
-0.40261191980225214,0.30523482559736315,0.24939027739631964,-0.36024443834111486,0.34349079923098036,0.0637846745399615,0.13668497665476514,1.4226888217522657,0.31876956879978025,65460.630870639936,0.18540744781494212
-0.3726119198022521,0.3452348255973632,0.27939027739631966,-0.3802444383411149,0.32349079923098034,0.14378467453996158,0.1266849766547652,1.372688821752266,0.32876956879978025,65601.63087063993,0.18941121101379466
-0.3226119198022521,0.43523482559736326,0.2993902773963197,-0.3402444383411149,0.2834907992309803,0.21378467453996164,0.13668497665476514,1.3126888217522659,0.31876956879978025,65542.63087063993,0.19454102516174387
-0.2526119198022521,0.3852348255973632,0.2993902773963197,-0.31024443834111487,0.2834907992309803,0.2637846745399617,0.14668497665476515,1.2626888217522658,0.39876956879978026,64915.630870639936,0.19759135246276927
-0.1726119198022521,0.3852348255973632,0.2893902773963197,-0.22024443834111485,0.31349079923098033,0.38378467453996157,0.14668497665476515,1.1826888217522658,0.4487695687997803,64196.630870639936,0.20157175064086985
-0.14261191980225207,0.3952348255973632,0.3093902773963197,-0.1502444383411149,0.34349079923098036,0.4337846745399616,0.17668497665476518,1.1626888217522657,0.5287695687997802,63449.630870639936,0.20157175064086985
-0.11261191980225216,0.3552348255973632,0.4293902773963197,-0.09024443834111484,0.3734907992309804,0.46378467453996164,0.21668497665476516,1.132688821752266,0.6287695687997803,60922.630870639936,0.20559792518615794
-0.08261191980225213,0.32523482559736316,0.4393902773963197,-0.050244438341114916,0.3934907992309804,0.48378467453996166,0.2666849766547652,1.0826888217522659,0.6887695687997804,57831.630870639936,0.2106113910675056
-0.07261191980225212,0.31523482559736316,0.5293902773963197,0.019755561658885146,0.3734907992309804,0.49378467453996167,0.3066849766547652,1.0526888217522659,0.7187695687997804,56624.630870639936,0.2136025905609138
-0.042611919802252096,0.31523482559736316,0.5393902773963197,0.04975556165888517,0.3834907992309804,0.5137846745399617,0.34668497665476516,1.0126888217522658,0.7487695687997802,56497.630870639936,0.21461348533630442
-0.01261191980225218,0.30523482559736315,0.5493902773963197,0.06975556165888508,0.34349079923098036,0.5937846745399615,0.3566849766547652,1.0226888217522658,0.7687695687997802,56512.630870639936,0.21761326789856028
0.007388080197747837,0.2752348255973631,0.5593902773963197,0.0897555616588851,0.3634907992309804,0.6337846745399616,0.3766849766547652,0.9826888217522658,0.8187695687997802,56041.630870639936,0.22245769500732493
-0.0026119198022521717,0.19523482559736327,0.5993902773963198,0.10975556165888511,0.3834907992309804,0.6737846745399616,0.39668497665476515,0.9826888217522658,0.8387695687997803,56060.630870639936,0.22565464973449778
0.017388080197747846,0.15523482559736324,0.5893902773963198,0.12975556165888513,0.35349079923098037,0.7237846745399616,0.40668497665476516,0.9726888217522658,0.8687695687997803,56183.630870639936,0.22665505409240794
0.007388080197747837,0.1152348255973632,0.6293902773963196,0.13975556165888514,0.3834907992309804,0.7637846745399617,0.4566849766547652,0.9826888217522658,0.8687695687997803,55546.630870639936,0.23063974380493235
0.027388080197747855,0.13523482559736322,0.6093902773963196,0.13975556165888514,0.32349079923098034,0.7937846745399617,0.4266849766547652,0.9026888217522657,0.9087695687997803,54985.630870639936,0.23462300300598216
0.04738808019774787,0.14523482559736323,0.6793902773963196,0.14975556165888515,0.2934907992309803,0.7337846745399617,0.4366849766547652,0.9026888217522657,1.0087695687997804,55208.630870639936,0.238932657241822
0.05738808019774788,0.15523482559736324,0.6693902773963196,0.13975556165888514,0.31349079923098033,0.7737846745399617,0.41668497665476517,0.8526888217522659,1.0587695687997802,54953.630870639936,0.238932657241822
0.017388080197747846,0.19523482559736327,0.6793902773963196,0.0997555616588851,0.31349079923098033,0.7737846745399617,0.39668497665476515,0.7926888217522658,1.0987695687997803,54674.630870639936,0.24251441955566477
-0.02261191980225208,0.16523482559736324,0.6893902773963196,0.11975556165888512,0.2634907992309805,0.8037846745399617,0.3666849766547652,0.7626888217522658,1.1187695687997803,54395.630870639936,0.24696497917175364
-0.11261191980225216,0.1252348255973632,0.7093902773963197,0.10975556165888511,0.3034907992309803,0.7837846745399617,0.3266849766547652,0.7126888217522658,1.1887695687997804,54954.630870639936,0.2506211280822761
-0.1726119198022521,0.1152348255973632,0.7293902773963197,0.05975556165888507,0.34349079923098036,0.7137846745399616,0.3166849766547652,0.6826888217522658,1.2687695687997804,55343.630870639936,0.2506211280822761
-0.1726119198022521,0.08523482559736317,0.7593902773963197,0.03975556165888516,0.33349079923098035,0.6237846745399616,0.2666849766547652,0.6626888217522657,1.3487695687997803,55612.630870639936,0.2556686878204353
-0.1826119198022521,0.08523482559736317,0.7993902773963195,0.06975556165888508,0.32349079923098034,0.5537846745399617,0.2666849766547652,0.6926888217522658,1.4387695687997804,56847.630870639936,0.2589962959289558
-0.22261191980225215,0.055234825597363146,0.8393902773963196,0.05975556165888507,0.32349079923098034,0.47378467453996165,0.27668497665476516,0.6826888217522658,1.4987695687997804,57318.630870639936,0.2629998207092292
-0.23261191980225215,0.07523482559736316,0.8893902773963196,0.06975556165888508,0.3034907992309803,0.4137846745399616,0.2666849766547652,0.6526888217522657,1.5487695687997802,57733.630870639936,0.2670872688293464
-0.22261191980225215,0.07523482559736316,0.9193902773963196,0.04975556165888517,0.3034907992309803,0.3937846745399616,0.2666849766547652,0.6826888217522658,1.5587695687997802,58712.630870639936,0.2670872688293464
-0.23261191980225215,0.08523482559736317,0.9593902773963197,0.06975556165888508,0.2434907992309805,0.35378467453996154,0.2666849766547652,0.6626888217522657,1.5587695687997802,59919.630870639936,0.2720571041107185
-0.2426119198022521,0.09523482559736318,0.9993902773963197,0.03975556165888516,0.2834907992309803,0.3037846745399617,0.22668497665476517,0.6126888217522659,1.5787695687997803,60936.630870639936,0.2761018753051765
-0.23261191980225215,0.10523482559736319,1.0093902773963197,0.03975556165888516,0.2534907992309805,0.2537846745399617,0.23668497665476518,0.6126888217522659,1.6187695687997803,61823.630870639936,0.2790978431701667
-0.1826119198022521,0.08523482559736317,0.9793902773963197,0.019755561658885146,0.2734907992309803,0.24378467453996167,0.22668497665476517,0.6126888217522659,1.6587695687997803,62652.630870639936,0.280103254318238
-0.1826119198022521,0.07523482559736316,0.9193902773963196,0.019755561658885146,0.31349079923098033,0.23378467453996166,0.2466849766547652,0.6226888217522659,1.6987695687997804,63185.630870639936,0.28322319984436106
-0.23261191980225215,0.06523482559736316,0.9293902773963196,-0.04024443834111491,0.2934907992309803,0.22378467453996165,0.22668497665476517,0.6226888217522659,1.7287695687997804,63344.630870639936,0.2882309436798103
-0.20261191980225213,0.04523482559736314,0.9693902773963197,0.07975556165888509,0.34349079923098036,0.19378467453996162,0.27668497665476516,0.6226888217522659,1.6787695687997803,63271.630870639936,0.29130845069885325
-0.11261191980225216,0.02523482559736323,1.0393902773963197,0.0997555616588851,0.3834907992309804,0.19378467453996162,0.2966849766547652,0.6326888217522659,1.6187695687997803,63472.630870639936,0.292307901382447
-0.12261191980225217,0.02523482559736323,1.0693902773963195,0.13975556165888514,0.4034907992309804,0.1837846745399616,0.33668497665476516,0.6026888217522659,1.6187695687997803,64187.630870639936,0.2957442283630378
-0.08261191980225213,0.03523482559736324,1.0793902773963195,0.18975556165888507,0.44349079923098045,0.1837846745399616,0.34668497665476516,0.5826888217522659,1.5787695687997803,65024.630870639936,0.2999992847442634
-0.07261191980225212,0.015234825597363222,1.0693902773963195,0.26975556165888515,0.5234907992309803,0.1637846745399616,0.39668497665476515,0.5826888217522659,1.5887695687997803,65607.63087063993,0.3038266181945808
-0.08261191980225213,-0.06476517440263685,0.9893902773963197,0.3197555616588852,0.6534907992309804,0.1837846745399616,0.41668497665476517,0.5526888217522659,1.6287695687997803,65524.630870639936,0.30487399101257395
-0.07261191980225212,-0.09476517440263676,0.9293902773963196,0.3297555616588852,0.7934907992309803,0.20378467453996163,0.4466849766547652,0.5026888217522658,1.6087695687997803,65641.63087063993,0.307874250411988
-0.06261191980225211,-0.11476517440263678,0.9793902773963197,0.4697555616588851,0.8934907992309804,0.1837846745399616,0.4366849766547652,0.5026888217522658,1.5587695687997802,65484.630870639936,0.3128500461578376
-0.0026119198022521717,-0.1347651744026368,1.0093902773963197,0.5597555616588852,0.9934907992309805,0.20378467453996163,0.4666849766547652,0.4826888217522658,1.4887695687997804,64917.630870639936,0.31687431335448935
-0.0026119198022521717,-0.15476517440263682,1.0293902773963197,0.619755561658885,1.0934907992309806,0.21378467453996164,0.49668497665476513,0.4726888217522658,1.4187695687997803,64730.630870639936,0.31687431335448935
0.0773880801977479,-0.15476517440263682,1.0693902773963195,0.6697555616588851,1.1934907992309802,0.2537846745399617,0.5266849766547651,0.4826888217522658,1.3187695687997802,64085.630870639936,0.3203647613525398
0.0773880801977479,-0.16476517440263683,1.0793902773963195,0.6997555616588851,1.2734907992309803,0.2837846745399617,0.5266849766547651,0.45268882175226577,1.2587695687997804,63598.630870639936,0.3253622531890876
0.05738808019774788,-0.15476517440263682,1.0593902773963195,0.7297555616588851,1.4034907992309802,0.2937846745399617,0.5966849766547652,0.40268882175226584,1.1387695687997803,62535.630870639936,0.3283975601196296
0.0773880801977479,-0.17476517440263684,1.0293902773963197,0.7397555616588851,1.5034907992309803,0.3037846745399617,0.6366849766547651,0.40268882175226584,1.0887695687997803,61946.630870639936,0.32944254875183177
0.10738808019774793,-0.18476517440263684,0.9093902773963196,0.7497555616588851,1.5934907992309806,0.3937846745399616,0.7366849766547652,0.3726888217522658,1.0787695687997803,61787.630870639936,0.3334403514862103
0.12738808019774783,-0.20476517440263686,0.8493902773963196,0.7297555616588851,1.6334907992309806,0.4137846745399616,0.7966849766547651,0.3526888217522658,1.0487695687997802,61150.630870639936,0.3374412536621101
0.17738808019774788,-0.19476517440263685,0.7593902773963197,0.6897555616588851,1.6834907992309804,0.4237846745399616,0.8466849766547652,0.3826888217522658,1.0387695687997802,60219.630870639936,0.3414402484893806
0.1973880801977479,-0.20476517440263686,0.7693902773963197,0.7097555616588851,1.6634907992309804,0.37378467453996156,0.8866849766547651,0.44268882175226587,0.9987695687997804,59524.630870639936,0.344936656951905
0.18738808019774789,-0.20476517440263686,0.6693902773963196,0.6897555616588851,1.6534907992309802,0.4237846745399616,0.9466849766547651,0.4926888217522658,0.9787695687997804,58691.630870639936,0.344936656951905
0.22738808019774792,-0.19476517440263685,0.6193902773963196,0.6997555616588851,1.6234907992309804,0.48378467453996166,0.9966849766547652,0.5226888217522658,0.9487695687997804,58548.630870639936,0.3490443706512458
0.25738808019774784,-0.15476517440263682,0.6093902773963196,0.6797555616588851,1.5334907992309805,0.48378467453996166,1.0266849766547652,0.6126888217522659,0.9287695687997803,58237.630870639936,0.35306982994080016
0.3073880801977479,-0.11476517440263678,0.5093902773963197,0.659755561658885,1.3934907992309804,0.46378467453996164,1.0466849766547652,0.7226888217522658,0.8887695687997803,58286.630870639936,0.35725431442260813
0.2973880801977479,-0.07476517440263686,0.4593902773963197,0.6797555616588851,1.3034907992309805,0.45378467453996163,1.0066849766547652,0.8026888217522659,0.8487695687997803,58459.630870639936,0.35786228179932067
0.3273880801977479,-0.04476517440263683,0.4293902773963197,0.659755561658885,1.1634907992309804,0.47378467453996165,1.0166849766547652,0.9226888217522657,0.8087695687997802,58162.630870639936,0.3614595413208015
0.3273880801977479,-0.014765174402636805,0.40939027739631967,0.6997555616588851,1.0934907992309806,0.45378467453996163,1.0366849766547652,0.9726888217522658,0.7887695687997802,58993.630870639936,0.3656325817108126
0.3373880801977479,0.005234825597363213,0.3593902773963196,0.6997555616588851,1.0234907992309803,0.46378467453996164,1.056684976654765,1.0326888217522658,0.7787695687997802,60362.630870639936,0.3695600509643562
0.3573880801977479,0.02523482559736323,0.3393902773963197,0.6797555616588851,0.9734907992309805,0.4237846745399616,1.066684976654765,1.0626888217522659,0.7487695687997802,61747.630870639936,0.3695600509643562
0.3573880801977479,0.02523482559736323,0.3093902773963197,0.659755561658885,0.9434907992309802,0.4337846745399616,1.086684976654765,1.112688821752266,0.7987695687997802,62648.630870639936,0.3736641883850105
0.3473880801977479,0.02523482559736323,0.27939027739631966,0.6697555616588851,0.9034907992309802,0.45378467453996163,1.076684976654765,1.132688821752266,0.7287695687997802,63843.630870639936,0.37775044441223216
0.3573880801977479,0.03523482559736324,0.22939027739631973,0.6897555616588851,0.8534907992309804,0.49378467453996167,1.126684976654765,1.2026888217522658,0.6187695687997803,65300.630870639936,0.38175015449523997
0.36738808019774793,0.03523482559736324,0.22939027739631973,0.6997555616588851,0.8134907992309803,0.5237846745399617,1.1766849766547651,1.2426888217522658,0.6687695687997803,65781.63087063993,0.3827634334564216
0.37738808019774794,0.04523482559736314,0.1993902773963197,0.7097555616588851,0.7734907992309803,0.5337846745399617,1.1666849766547651,1.2626888217522658,0.6687695687997803,65308.630870639936,0.3861191749572761
0.38738808019774795,0.055234825597363146,0.1893902773963197,0.7497555616588851,0.7234907992309805,0.5637846745399615,1.1766849766547651,1.3026888217522659,0.6687695687997803,65647.63087063993,0.3900743007659919
0.38738808019774795,0.08523482559736317,0.1893902773963197,0.7297555616588851,0.6434907992309804,0.5337846745399617,1.2466849766547652,1.352688821752266,0.6887695687997804,65894.63087063993,0.3941748619079597
0.38738808019774795,0.1252348255973632,0.1993902773963197,0.7397555616588851,0.5834907992309804,0.5237846745399617,1.2766849766547652,1.362688821752266,0.7687695687997802,66143.63087063993,0.39520769119262766
0.38738808019774795,0.18523482559736326,0.15939027739631967,0.7797555616588852,0.5634907992309803,0.5337846745399617,1.306684976654765,1.2926888217522658,0.7687695687997802,66664.63087063993,0.3982077121734662
0.42738808019774777,0.2152348255973633,0.2093902773963197,0.7997555616588852,0.5534907992309803,0.5137846745399617,1.326684976654765,1.2626888217522658,0.7787695687997802,66717.63087063993,0.4022033691406257
0.49738808019774783,0.2152348255973633,0.25939027739631965,0.7897555616588852,0.5434907992309803,0.5137846745399617,1.376684976654765,1.2526888217522658,0.7487695687997802,66870.63087063993,0.4072163581848116
0.49738808019774783,0.2152348255973633,0.25939027739631965,0.7997555616588852,0.4834907992309805,0.5137846745399617,1.386684976654765,1.2826888217522658,0.7187695687997804,66915.63087063993,0.4072163581848116
0.5273880801977479,0.19523482559736327,0.26939027739631966,0.8097555616588852,0.4734907992309805,0.5437846745399617,1.4366849766547651,1.2526888217522658,0.6887695687997804,66712.63087063993,0.4102023124694796
0.5373880801977479,0.2452348255973631,0.2993902773963197,0.8097555616588852,0.4134907992309804,0.5437846745399617,1.4266849766547651,1.2926888217522658,0.7487695687997802,65767.63087063993,0.4145787239074714
0.5573880801977479,0.2252348255973633,0.3193902773963197,0.8297555616588852,0.4034907992309804,0.5437846745399617,1.4366849766547651,1.2526888217522658,0.7287695687997802,64654.630870639936,0.4184945106506355
0.5873880801977479,0.2752348255973631,0.3293902773963197,0.7997555616588852,0.3634907992309804,0.5837846745399615,1.4666849766547652,1.2226888217522658,0.7287695687997802,64113.630870639936,0.4195335388183601
0.5873880801977479,0.32523482559736316,0.3293902773963197,0.7997555616588852,0.35349079923098037,0.5737846745399615,1.4866849766547652,1.1426888217522657,0.7687695687997802,64446.630870639936,0.42353873252868723
0.6073880801977479,0.3652348255973632,0.3393902773963197,0.8097555616588852,0.32349079923098034,0.6437846745399616,1.4866849766547652,1.0726888217522659,0.7687695687997802,64197.630870639936,0.4275434494018526
0.5973880801977479,0.3352348255973632,0.3293902773963197,0.8197555616588852,0.35349079923098037,0.6837846745399616,1.4966849766547652,1.0426888217522658,0.7287695687997802,63778.630870639936,0.4309044361114509
0.6073880801977479,0.2652348255973631,0.36939027739631963,0.8297555616588852,0.3634907992309804,0.6737846745399616,1.4866849766547652,1.0226888217522658,0.7987695687997802,62829.630870639936,0.43487195968628
0.5773880801977479,0.2252348255973633,0.3493902773963197,0.879755561658885,0.3634907992309804,0.6737846745399616,1.4666849766547652,0.9426888217522658,0.8487695687997803,62342.630870639936,0.43487195968628
0.5773880801977479,0.2252348255973633,0.39939027739631966,0.869755561658885,0.35349079923098037,0.6537846745399616,1.4866849766547652,0.9626888217522658,0.9087695687997803,61393.630870639936,0.43898372650146555
0.6173880801977479,0.20523482559736328,0.4293902773963197,0.8497555616588852,0.35349079923098037,0.6437846745399616,1.4966849766547652,0.9226888217522657,0.9487695687997804,60014.630870639936,0.44299631118774485
0.6173880801977479,0.2152348255973633,0.4693902773963197,0.8397555616588852,0.35349079923098037,0.6237846745399616,1.5066849766547652,0.8626888217522659,0.9587695687997804,59829.630870639936,0.44699649810791087
0.6173880801977479,0.2252348255973633,0.4693902773963197,0.8397555616588852,0.34349079923098036,0.6637846745399616,1.5066849766547652,0.8626888217522659,0.9887695687997804,59824.630870639936,0.44699649810791087
0.637388080197748,0.2252348255973633,0.47939027739631973,0.8297555616588852,0.35349079923098037,0.6637846745399616,1.5166849766547652,0.8026888217522659,0.9887695687997804,59963.630870639936,0.4509718894958503
0.6173880801977479,0.16523482559736324,0.47939027739631973,0.8197555616588852,0.34349079923098036,0.7137846745399616,1.5266849766547652,0.8126888217522659,0.9987695687997804,60246.630870639936,0.4556241512298591
0.637388080197748,0.14523482559736323,0.47939027739631973,0.8097555616588852,0.34349079923098036,0.7837846745399617,1.5066849766547652,0.8026888217522659,0.9487695687997804,59765.630870639936,0.4597430706024177
0.667388080197748,0.14523482559736323,0.49939027739631964,0.8097555616588852,0.32349079923098034,0.8237846745399615,1.4966849766547652,0.7826888217522658,0.9687695687997804,59494.630870639936,0.46074204444885325
0.657388080197748,0.14523482559736323,0.5293902773963197,0.7897555616588852,0.3034907992309803,0.8437846745399615,1.4966849766547652,0.7626888217522658,0.9987695687997804,59365.630870639936,0.4643469333648689
0.647388080197748,0.15523482559736324,0.5093902773963197,0.8097555616588852,0.2934907992309803,0.8537846745399615,1.4766849766547652,0.7426888217522658,1.0487695687997802,59682.630870639936,0.4678290367126472
0.657388080197748,0.18523482559736326,0.5193902773963197,0.7897555616588852,0.2534907992309805,0.8837846745399616,1.4866849766547652,0.7426888217522658,1.0687695687997802,59189.630870639936,0.4718285083770759
0.647388080197748,0.17523482559736325,0.5293902773963197,0.8197555616588852,0.2534907992309805,0.9037846745399616,1.4666849766547652,0.6926888217522658,1.0987695687997803,59398.630870639936,0.47282843589782786
0.6273880801977479,0.10523482559736319,0.5293902773963197,0.8197555616588852,0.2734907992309803,0.9037846745399616,1.4766849766547652,0.7126888217522658,1.1387695687997803,59531.630870639936,0.4768286228179974
0.5773880801977479,0.09523482559736318,0.5393902773963197,0.7897555616588852,0.3034907992309803,0.8637846745399616,1.5266849766547652,0.6826888217522658,1.2187695687997804,60444.630870639936,0.4804246902465863
0.5573880801977479,0.055234825597363146,0.5693902773963198,0.7997555616588852,0.2834907992309803,0.7937846745399617,1.4666849766547652,0.7126888217522658,1.3087695687997802,60805.630870639936,0.48453145027160716
0.49738808019774783,0.07523482559736316,0.5693902773963198,0.7997555616588852,0.2734907992309803,0.7337846745399617,1.4566849766547652,0.7026888217522658,1.3787695687997803,60526.630870639936,0.48453145027160716
0.5273880801977479,0.07523482559736316,0.5793902773963198,0.7697555616588851,0.2734907992309803,0.6637846745399616,1.4366849766547651,0.6626888217522657,1.4887695687997804,60283.630870639936,0.4885788440704353
0.5273880801977479,0.07523482559736316,0.5993902773963198,0.7497555616588851,0.2734907992309803,0.6237846745399616,1.4166849766547651,0.6426888217522657,1.5387695687997802,60398.630870639936,0.4925787925720222
0.49738808019774783,0.055234825597363146,0.6393902773963196,0.7297555616588851,0.2634907992309805,0.5337846745399617,1.406684976654765,0.6526888217522657,1.6087695687997803,61443.630870639936,0.49757914543151927
0.4873880801977478,0.08523482559736317,0.6793902773963196,0.7197555616588851,0.2734907992309803,0.49378467453996167,1.376684976654765,0.6826888217522658,1.6287695687997803,61620.630870639936,0.49757914543151927
0.417388080197748,0.1152348255973632,0.7493902773963197,0.7297555616588851,0.21349079923098047,0.4237846745399616,1.326684976654765,0.6726888217522657,1.6087695687997803,61281.630870639936,0.501555252075196
0.38738808019774795,0.1152348255973632,0.8193902773963195,0.6997555616588851,0.23349079923098048,0.4037846745399616,1.326684976654765,0.6526888217522657,1.5887695687997803,61008.630870639936,0.5055549621582038
0.3373880801977479,0.1252348255973632,0.8793902773963196,0.6697555616588851,0.21349079923098047,0.38378467453996157,1.316684976654765,0.6426888217522657,1.5687695687997802,62049.630870639936,0.5099061012268074
0.3073880801977479,0.13523482559736322,0.8993902773963196,0.6797555616588851,0.2434907992309805,0.3237846745399615,1.2166849766547652,0.6326888217522659,1.5987695687997803,62736.630870639936,0.5099061012268074
0.25738808019774784,0.1152348255973632,0.8793902773963196,0.6797555616588851,0.2634907992309805,0.34378467453996153,1.2066849766547652,0.6326888217522659,1.5987695687997803,63249.630870639936,0.5139060497283978
0.24738808019774783,0.10523482559736319,0.8093902773963195,0.649755561658885,0.2534907992309805,0.37378467453996156,1.1766849766547651,0.6526888217522657,1.6487695687997803,63860.630870639936,0.5175006866455085
0.1973880801977479,0.055234825597363146,0.7393902773963197,0.6797555616588851,0.2534907992309805,0.38378467453996157,1.096684976654765,0.6626888217522657,1.6987695687997804,63525.630870639936,0.521701383590699
0.17738808019774788,0.055234825597363146,0.7293902773963197,0.6897555616588851,0.31349079923098033,0.37378467453996156,1.076684976654765,0.6726888217522657,1.7087695687997804,62952.630870639936,0.5256772518158002
0.17738808019774788,0.055234825597363146,0.7493902773963197,0.6997555616588851,0.33349079923098035,0.3137846745399615,1.076684976654765,0.6526888217522657,1.7187695687997804,63115.630870639936,0.5266983985900886
0.17738808019774788,0.055234825597363146,0.8193902773963195,0.7197555616588851,0.44349079923098045,0.2837846745399617,1.0466849766547652,0.6226888217522659,1.7087695687997804,63578.630870639936,0.5296998500824017
0.18738808019774789,0.07523482559736316,0.8793902773963196,0.6797555616588851,0.4834907992309805,0.21378467453996164,1.0466849766547652,0.6326888217522659,1.6787695687997803,63497.630870639936,0.5342357635498054
0.1973880801977479,0.03523482559736324,0.9493902773963196,0.7097555616588851,0.5334907992309803,0.20378467453996163,1.076684976654765,0.6526888217522657,1.5787695687997803,63766.630870639936,0.5377581596374519
0.18738808019774789,0.015234825597363222,0.9393902773963196,0.7297555616588851,0.6134907992309804,0.2537846745399617,1.0466849766547652,0.6726888217522657,1.5387695687997802,64173.630870639936,0.538202095031739
0.18738808019774789,-0.014765174402636805,0.9093902773963196,0.7297555616588851,0.7234907992309805,0.2837846745399617,1.066684976654765,0.5726888217522659,1.4787695687997804,64064.630870639936,0.5417197227478034
0.2073880801977479,-0.014765174402636805,0.8493902773963196,0.7397555616588851,0.8634907992309804,0.3037846745399617,1.116684976654765,0.5526888217522659,1.4687695687997804,63787.630870639936,0.5468750476837201
0.24738808019774783,-0.03476517440263682,0.8293902773963195,0.7197555616588851,0.9534907992309805,0.36378467453996155,1.136684976654765,0.5526888217522659,1.4187695687997803,63664.630870639936,0.5497026920318611
0.27738808019774785,-0.07476517440263686,0.8293902773963195,0.6897555616588851,1.0334907992309805,0.37378467453996156,1.156684976654765,0.5326888217522658,1.3787695687997803,63113.630870639936,0.5497026920318611
0.2973880801977479,-0.05476517440263684,0.8693902773963196,0.7097555616588851,1.1234907992309804,0.38378467453996157,1.1766849766547651,0.5026888217522658,1.2787695687997804,62076.630870639936,0.5539234161376925
0.3273880801977479,-0.06476517440263685,0.8493902773963196,0.6997555616588851,1.2034907992309805,0.3937846745399616,1.1866849766547651,0.4926888217522658,1.2487695687997804,61623.630870639936,0.5579410076141365
0.3173880801977479,-0.04476517440263683,0.8493902773963196,0.6897555616588851,1.2634907992309805,0.38378467453996157,1.1866849766547651,0.4726888217522658,1.1487695687997803,61872.630870639936,0.562942552566529
0.3373880801977479,-0.05476517440263684,0.8193902773963195,0.6797555616588851,1.2734907992309803,0.4437846745399616,1.1766849766547651,0.4826888217522658,1.0587695687997802,61995.630870639936,0.5631847858428962
0.38738808019774795,-0.06476517440263685,0.7593902773963197,0.649755561658885,1.3434907992309806,0.48378467453996166,1.1766849766547651,0.5026888217522658,1.0787695687997803,61696.630870639936,0.566731262207032
0.37738808019774794,-0.03476517440263682,0.7093902773963197,0.659755561658885,1.3534907992309804,0.47378467453996165,1.1966849766547651,0.5126888217522658,1.0387695687997802,61431.630870639936,0.5707540988922091
0.40738808019774797,-0.014765174402636805,0.6393902773963196,0.639755561658885,1.3234907992309806,0.4437846745399616,1.2066849766547652,0.5926888217522659,1.0287695687997804,61266.630870639936,0.5750363349914522
0.417388080197748,-0.03476517440263682,0.5393902773963197,0.649755561658885,1.3034907992309805,0.4437846745399616,1.2066849766547652,0.6226888217522659,1.0687695687997802,61349.630870639936,0.5750363349914522
0.4373880801977478,0.005234825597363213,0.5193902773963197,0.659755561658885,1.2234907992309805,0.45378467453996163,1.1866849766547651,0.6926888217522658,1.0387695687997802,60822.630870639936,0.5790865898132331
0.42738808019774777,0.015234825597363222,0.5193902773963197,0.659755561658885,1.1434907992309804,0.4437846745399616,1.1966849766547651,0.7826888217522658,1.0187695687997804,60643.630870639936,0.5824647426605196
0.4473880801977478,0.03523482559736324,0.48939027739631963,0.649755561658885,1.0534907992309805,0.45378467453996163,1.1866849766547651,0.8726888217522659,0.9887695687997804,61134.630870639936,0.587503480911252
0.4573880801977478,0.07523482559736316,0.4693902773963197,0.629755561658885,1.0034907992309803,0.4437846745399616,1.1966849766547651,0.9326888217522658,0.9687695687997804,61473.630870639936,0.5904946804046638
0.4673880801977478,0.10523482559736319,0.37939027739631964,0.629755561658885,0.8834907992309804,0.5137846745399617,1.1766849766547651,1.0226888217522658,0.8987695687997803,62228.630870639936,0.5915089130401618
0.4573880801977478,0.1252348255973632,0.3293902773963197,0.5897555616588852,0.8334907992309804,0.5137846745399617,1.1966849766547651,1.0526888217522659,0.8187695687997802,62799.630870639936,0.5954983711242683
0.4573880801977478,0.15523482559736324,0.3593902773963196,0.619755561658885,0.7634907992309805,0.5137846745399617,1.2066849766547652,1.112688821752266,0.8087695687997802,63922.630870639936,0.5995035648345954
0.4573880801977478,0.18523482559736326,0.2893902773963197,0.629755561658885,0.7034907992309805,0.5037846745399617,1.1866849766547651,1.1526888217522657,0.8287695687997803,65677.63087063993,0.6029921054840095
0.4673880801977478,0.20523482559736328,0.2993902773963197,0.659755561658885,0.6734907992309804,0.46378467453996164,1.2166849766547652,1.1726888217522657,0.8087695687997802,66852.63087063993,0.6040857315063484
0.4673880801977478,0.20523482559736328,0.27939027739631966,0.659755561658885,0.6434907992309804,0.49378467453996167,1.2266849766547652,1.1826888217522658,0.8387695687997803,67951.63087063993,0.6076307773590095
0.4373880801977478,0.23523482559736308,0.23939027739631963,0.7397555616588851,0.6134907992309804,0.49378467453996167,1.2466849766547652,1.1926888217522658,0.8387695687997803,69022.63087063993,0.6116543292999275
0.42738808019774777,0.23523482559736308,0.2893902773963197,0.7897555616588852,0.5734907992309803,0.48378467453996166,1.2666849766547652,1.2326888217522658,0.8087695687997802,68971.63087063993,0.615456151962281
0.39738808019774796,0.23523482559736308,0.2993902773963197,0.8197555616588852,0.5234907992309803,0.46378467453996164,1.326684976654765,1.2726888217522658,0.7987695687997802,68792.63087063993,0.615456151962281
0.39738808019774796,0.28523482559736313,0.2993902773963197,0.8297555616588852,0.43349079923098044,0.47378467453996165,1.336684976654765,1.2926888217522658,0.8387695687997803,68441.63087063993,0.6194665908813484
0.39738808019774796,0.31523482559736316,0.3393902773963197,0.8497555616588852,0.3834907992309804,0.4437846745399616,1.336684976654765,1.3226888217522659,0.8687695687997803,68570.63087063993,0.6234667778015179
0.40738808019774797,0.3452348255973632,0.3493902773963197,0.879755561658885,0.3734907992309804,0.4237846745399616,1.366684976654765,1.2726888217522658,0.8787695687997803,68795.63087063993,0.6284349441528327
0.40738808019774797,0.3652348255973632,0.36939027739631963,0.899755561658885,0.3834907992309804,0.46378467453996164,1.386684976654765,1.2426888217522658,0.8787695687997803,68938.63087063993,0.6284349441528327
0.417388080197748,0.40523482559736324,0.37939027739631964,0.9197555616588851,0.34349079923098036,0.45378467453996163,1.4166849766547651,1.2026888217522658,0.8487695687997803,69601.63087063993,0.632541227340699
0.417388080197748,0.3952348255973632,0.3493902773963197,0.889755561658885,0.32349079923098034,0.45378467453996163,1.4566849766547652,1.2026888217522658,0.8187695687997802,69986.63087063993,0.6357665538787849
0.40738808019774797,0.3552348255973632,0.4193902773963197,0.889755561658885,0.34349079923098036,0.4437846745399616,1.5066849766547652,1.1426888217522657,0.8187695687997802,69783.63087063993,0.639993715286252
0.4473880801977478,0.3552348255973632,0.38939027739631965,0.879755561658885,0.31349079923098033,0.46378467453996164,1.5466849766547652,1.1626888217522657,0.7787695687997802,68772.63087063993,0.6410477638244636
0.4373880801977478,0.3352348255973632,0.39939027739631966,0.899755561658885,0.3034907992309803,0.48378467453996166,1.5466849766547652,1.132688821752266,0.8187695687997802,67663.63087063993,0.6433544635772712
0.4773880801977478,0.3652348255973632,0.39939027739631966,0.889755561658885,0.2634907992309805,0.5237846745399617,1.556684976654765,1.122688821752266,0.7887695687997802,67158.63087063993,0.6484344482421882
0.49738808019774783,0.42523482559736325,0.3593902773963196,0.889755561658885,0.2434907992309805,0.5337846745399617,1.5266849766547652,1.0126888217522658,0.7987695687997802,66643.63087063993,0.6524408340454109
0.4873880801977478,0.40523482559736324,0.4193902773963197,0.9397555616588851,0.21349079923098047,0.5637846745399615,1.5166849766547652,1.0226888217522658,0.7987695687997802,66190.63087063993,0.655420112609864
0.4673880801977478,0.43523482559736326,0.40939027739631967,0.9597555616588851,0.23349079923098048,0.5937846745399615,1.5366849766547652,0.9626888217522658,0.8087695687997802,65691.63087063993,0.6564515113830574
0.4573880801977478,0.3852348255973632,0.39939027739631966,0.9597555616588851,0.2534907992309805,0.6037846745399615,1.556684976654765,0.9326888217522658,0.7987695687997802,65300.630870639936,0.6603971004486091
0.4873880801977478,0.3552348255973632,0.4593902773963197,0.9597555616588851,0.2734907992309803,0.5737846745399615,1.5366849766547652,0.8826888217522659,0.8787695687997803,64293.630870639936,0.6644154071807833
0.4873880801977478,0.3552348255973632,0.48939027739631963,0.9797555616588851,0.2734907992309803,0.5637846745399615,1.5266849766547652,0.8526888217522659,0.8987695687997803,62464.630870639936,0.6689348697662361
0.4773880801977478,0.28523482559736313,0.5393902773963197,0.9797555616588851,0.2934907992309803,0.5937846745399615,1.5466849766547652,0.8626888217522659,0.9087695687997803,60961.630870639936,0.6689348697662361
0.49738808019774783,0.2652348255973631,0.5293902773963197,0.9597555616588851,0.2934907992309803,0.5837846745399615,1.556684976654765,0.8326888217522659,0.9487695687997804,59944.630870639936,0.6732328414916999
0.49738808019774783,0.2752348255973631,0.5393902773963197,0.9397555616588851,0.2934907992309803,0.6037846745399615,1.556684976654765,0.7926888217522658,0.9887695687997804,59395.630870639936,0.6772008419036872
0.5173880801977478,0.2552348255973631,0.5293902773963197,0.9297555616588851,0.3034907992309803,0.6037846745399615,1.556684976654765,0.7726888217522658,0.9887695687997804,59196.630870639936,0.6802938461303718
0.5173880801977478,0.2252348255973633,0.5693902773963198,0.9197555616588851,0.3034907992309803,0.6237846745399616,1.566684976654765,0.7626888217522658,0.9887695687997804,59299.630870639936,0.6812139034271247
0.49738808019774783,0.2152348255973633,0.5793902773963198,0.9297555616588851,0.3034907992309803,0.6437846745399616,1.576684976654765,0.7626888217522658,0.9787695687997804,59244.630870639936,0.685200500488282
0.5173880801977478,0.2152348255973633,0.5893902773963198,0.9297555616588851,0.2634907992309805,0.6637846745399616,1.556684976654765,0.7626888217522658,0.9987695687997804,58675.630870639936,0.6892445564269991
0.5273880801977479,0.19523482559736327,0.5993902773963198,0.9197555616588851,0.2734907992309803,0.6837846745399616,1.556684976654765,0.7326888217522658,1.0587695687997802,58862.630870639936,0.6931474685668917
0.5273880801977479,0.19523482559736327,0.5793902773963198,0.909755561658885,0.2434907992309805,0.6937846745399616,1.5366849766547652,0.7326888217522658,1.1087695687997803,59009.630870639936,0.6931474685668917
0.5373880801977479,0.18523482559736326,0.5893902773963198,0.899755561658885,0.2534907992309805,0.7137846745399616,1.5466849766547652,0.7126888217522658,1.1587695687997803,58618.630870639936,0.6971786499023445
0.5473880801977479,0.18523482559736326,0.5893902773963198,0.889755561658885,0.2434907992309805,0.7237846745399616,1.5366849766547652,0.6926888217522658,1.1787695687997803,58325.630870639936,0.701175260543824
0.5373880801977479,0.18523482559736326,0.6493902773963196,0.869755561658885,0.2434907992309805,0.6837846745399616,1.5266849766547652,0.7026888217522658,1.2287695687997804,58956.630870639936,0.7061892032623298
0.5273880801977479,0.18523482559736326,0.6493902773963196,0.889755561658885,0.22349079923098047,0.6637846745399616,1.5066849766547652,0.6526888217522657,1.2687695687997804,59293.630870639936,0.7061892032623298
0.5173880801977478,0.15523482559736324,0.6693902773963196,0.869755561658885,0.23349079923098048,0.6237846745399616,1.4866849766547652,0.6526888217522657,1.3287695687997803,60064.630870639936,0.7091794490814216
0.5473880801977479,0.14523482559736323,0.7393902773963197,0.8397555616588852,0.23349079923098048,0.5437846745399617,1.4566849766547652,0.6926888217522658,1.3787695687997803,60455.630870639936,0.7142193794250495
0.5573880801977479,0.14523482559736323,0.7093902773963197,0.8297555616588852,0.22349079923098047,0.5337846745399617,1.4466849766547651,0.7026888217522658,1.4787695687997804,60672.630870639936,0.7178254604339607
0.5173880801977478,0.13523482559736322,0.7093902773963197,0.8197555616588852,0.2534907992309805,0.47378467453996165,1.4366849766547651,0.6626888217522657,1.5487695687997802,60657.630870639936,0.7178254604339607
0.4373880801977478,0.14523482559736323,0.7093902773963197,0.8397555616588852,0.22349079923098047,0.4037846745399616,1.4466849766547651,0.6426888217522657,1.6287695687997803,60192.630870639936,0.7215037822723396
0.40738808019774797,0.14523482559736323,0.7393902773963197,0.8497555616588852,0.21349079923098047,0.36378467453996155,1.406684976654765,0.6426888217522657,1.6787695687997803,59971.630870639936,0.7265682697296114
0.38738808019774795,0.16523482559736324,0.7693902773963197,0.7997555616588852,0.18349079923098044,0.3037846745399617,1.386684976654765,0.6426888217522657,1.6887695687997804,59830.630870639936,0.7305689334869392
0.3373880801977479,0.17523482559736325,0.8593902773963196,0.7897555616588852,0.22349079923098047,0.3037846745399617,1.356684976654765,0.5926888217522659,1.6287695687997803,59663.630870639936,0.7337980747222907
0.3173880801977479,0.18523482559736326,0.9293902773963196,0.7997555616588852,0.22349079923098047,0.2637846745399617,1.336684976654765,0.6226888217522659,1.5987695687997803,60686.630870639936,0.7345450401306124
0.28738808019774786,0.18523482559736326,0.9793902773963197,0.7797555616588852,0.22349079923098047,0.23378467453996166,1.2766849766547652,0.6126888217522659,1.5787695687997803,61655.630870639936,0.7390139579772921
0.25738808019774784,0.18523482559736326,1.0493902773963195,0.7697555616588851,0.23349079923098048,0.22378467453996165,1.2566849766547652,0.5926888217522659,1.5387695687997802,62074.630870639936,0.742259073257447
0.2173880801977479,0.18523482559736326,1.0293902773963197,0.7297555616588851,0.23349079923098048,0.2537846745399617,1.2366849766547652,0.6326888217522659,1.4987695687997804,61867.630870639936,0.7468505382537849
0.2173880801977479,0.13523482559736322,0.9593902773963197,0.7597555616588851,0.2634907992309805,0.3137846745399615,1.1866849766547651,0.6026888217522659,1.5387695687997802,61882.630870639936,0.7468505382537849
0.18738808019774789,0.1252348255973632,0.9093902773963196,0.7997555616588852,0.2734907992309803,0.2837846745399617,1.1866849766547651,0.6226888217522659,1.6087695687997803,61691.630870639936,0.7512012004852302
0.16738808019774787,0.09523482559736318,0.8793902773963196,0.7897555616588852,0.3634907992309804,0.2837846745399617,1.136684976654765,0.6426888217522657,1.6387695687997803,60922.630870639936,0.7556264877319343
0.15738808019774786,0.08523482559736317,0.8593902773963196,0.7897555616588852,0.42349079923098043,0.23378467453996166,1.136684976654765,0.6426888217522657,1.6587695687997803,60917.630870639936,0.7588389396667488
0.15738808019774786,0.055234825597363146,0.8993902773963196,0.7897555616588852,0.4934907992309805,0.24378467453996167,1.146684976654765,0.6226888217522659,1.6187695687997803,60782.630870639936,0.7588389396667488
0.15738808019774786,0.055234825597363146,0.9893902773963197,0.7997555616588852,0.5634907992309803,0.19378467453996162,1.136684976654765,0.6226888217522659,1.5487695687997802,60807.630870639936,0.7639079570770235
0.16738808019774787,0.06523482559736316,1.0593902773963195,0.7997555616588852,0.6134907992309804,0.1837846745399616,1.126684976654765,0.6226888217522659,1.4687695687997804,61152.630870639936,0.7677939414978034
0.17738808019774788,0.04523482559736314,1.0793902773963195,0.7897555616588852,0.6634907992309804,0.1837846745399616,1.136684976654765,0.6026888217522659,1.3787695687997803,62095.630870639936,0.7708194732666023
0.2073880801977479,0.015234825597363222,1.0593902773963195,0.7997555616588852,0.7934907992309803,0.2937846745399617,1.156684976654765,0.5726888217522659,1.3387695687997803,62290.630870639936,0.7708194732666023
0.24738808019774783,-0.03476517440263682,0.9993902773963197,0.7897555616588852,0.9034907992309802,0.34378467453996153,1.136684976654765,0.5226888217522658,1.2787695687997804,62103.630870639936,0.7749662876129157
0.27738808019774785,-0.07476517440263686,0.9393902773963196,0.7397555616588851,1.0334907992309805,0.37378467453996156,1.1866849766547651,0.5526888217522659,1.2287695687997804,61268.630870639936,0.7800050258636482
0.2973880801977479,-0.05476517440263684,0.9193902773963196,0.7597555616588851,1.1534907992309802,0.38378467453996157,1.2066849766547652,0.4626888217522658,1.1887695687997804,60069.630870639936,0.7835054874420173
0.28738808019774786,-0.004765174402636796,0.8893902773963196,0.7697555616588851,1.1934907992309802,0.36378467453996155,1.1866849766547651,0.45268882175226577,1.2087695687997804,59390.630870639936,0.784551668167115
0.3273880801977479,0.005234825597363213,0.9393902773963196,0.7297555616588851,1.2434907992309805,0.35378467453996154,1.1866849766547651,0.42268882175226585,1.0787695687997803,58279.630870639936,0.7875590801239021
0.3373880801977479,0.02523482559736323,0.9093902773963196,0.7097555616588851,1.2634907992309805,0.3937846745399616,1.1966849766547651,0.45268882175226577,1.0487695687997802,57850.630870639936,0.7915571212768526
0.3373880801977479,0.015234825597363222,0.8293902773963195,0.6997555616588851,1.2934907992309803,0.4137846745399616,1.2066849766547652,0.45268882175226577,1.0287695687997804,57673.630870639936,0.7955513477325447
0.40738808019774797,0.015234825597363222,0.8093902773963195,0.639755561658885,1.3134907992309803,0.4437846745399616,1.2166849766547652,0.4726888217522658,0.9887695687997804,58254.630870639936,0.7995515346527107
0.39738808019774796,0.015234825597363222,0.7393902773963197,0.639755561658885,1.3534907992309804,0.38378467453996157,1.2366849766547652,0.4726888217522658,1.0487695687997802,58707.630870639936,0.8005621910095222
0.42738808019774777,-0.014765174402636805,0.6593902773963196,0.639755561658885,1.3334907992309804,0.4237846745399616,1.2366849766547652,0.5526888217522659,0.9887695687997804,58308.630870639936,0.8036642551422091
0.4373880801977478,0.02523482559736323,0.5793902773963198,0.639755561658885,1.2434907992309805,0.4137846745399616,1.2166849766547652,0.6526888217522657,0.9987695687997804,57727.630870639936,0.8086424350738532
0.4473880801977478,0.06523482559736316,0.5793902773963198,0.639755561658885,1.1834907992309804,0.4137846745399616,1.2066849766547652,0.6826888217522658,1.0187695687997804,57582.630870639936,0.8117068290710456
0.4573880801977478,0.10523482559736319,0.5293902773963197,0.5997555616588852,1.0834907992309804,0.4137846745399616,1.2266849766547652,0.7726888217522658,0.9687695687997804,56917.630870639936,0.812718200683598
0.49738808019774783,0.13523482559736322,0.5093902773963197,0.5797555616588852,1.0234907992309803,0.4137846745399616,1.2166849766547652,0.8226888217522659,0.9587695687997804,56726.630870639936,0.8167183876037605
0.5073880801977478,0.15523482559736324,0.4493902773963197,0.5897555616588852,0.9534907992309805,0.4237846745399616,1.1966849766547651,0.8826888217522659,0.9387695687997804,57387.630870639936,0.8206863880157478
0.49738808019774783,0.18523482559736326,0.4393902773963197,0.6097555616588852,0.9034907992309802,0.4437846745399616,1.2066849766547652,0.9226888217522657,0.8687695687997803,58158.630870639936,0.8238554477691657
0.4773880801977478,0.2252348255973633,0.37939027739631964,0.5897555616588852,0.8534907992309804,0.4437846745399616,1.2166849766547652,0.9626888217522658,0.8187695687997802,59723.630870639936,0.8248587131500251
0.49738808019774783,0.2452348255973631,0.3593902773963196,0.6097555616588852,0.7934907992309803,0.4237846745399616,1.2066849766547652,0.9826888217522658,0.8987695687997803,60874.630870639936,0.8282609462738044
0.4773880801977478,0.2752348255973631,0.3193902773963197,0.619755561658885,0.7434907992309805,0.46378467453996164,1.2366849766547652,1.0426888217522658,0.8587695687997803,61775.630870639936,0.8324332714080818
0.4773880801977478,0.2652348255973631,0.3293902773963197,0.6797555616588851,0.6834907992309804,0.4437846745399616,1.2466849766547652,1.0826888217522659,0.8487695687997803,63000.630870639936,0.8365271568298382
0.4673880801977478,0.29523482559736314,0.3493902773963197,0.6897555616588851,0.6734907992309804,0.4237846745399616,1.2566849766547652,1.0526888217522659,0.8887695687997803,63855.630870639936,0.8365271568298382
0.4573880801977478,0.29523482559736314,0.3293902773963197,0.7497555616588851,0.6534907992309804,0.45378467453996163,1.2766849766547652,1.0726888217522659,0.8587695687997803,63954.630870639936,0.840495157241822
0.4473880801977478,0.3352348255973632,0.3393902773963197,0.7697555616588851,0.6034907992309804,0.46378467453996164,1.336684976654765,1.112688821752266,0.8487695687997803,63479.630870639936,0.8454950332641609
0.4573880801977478,0.3552348255973632,0.3393902773963197,0.7597555616588851,0.5434907992309803,0.4337846745399616,1.336684976654765,1.122688821752266,0.8387695687997803,62870.630870639936,0.8484945774078412
0.4673880801977478,0.3652348255973632,0.36939027739631963,0.7997555616588852,0.4834907992309805,0.4237846745399616,1.356684976654765,1.1726888217522657,0.8787695687997803,62791.630870639936,0.8494945049285896
0.4673880801977478,0.42523482559736325,0.37939027739631964,0.8197555616588852,0.44349079923098045,0.4337846745399616,1.376684976654765,1.1426888217522657,0.9087695687997803,62844.630870639936,0.8528378486633308
0.4773880801977478,0.4652348255973633,0.40939027739631967,0.8397555616588852,0.3934907992309804,0.4437846745399616,1.396684976654765,1.102688821752266,0.8987695687997803,63409.630870639936,0.8575547218322761
0.5273880801977479,0.4752348255973633,0.39939027739631966,0.8297555616588852,0.3934907992309804,0.48378467453996166,1.386684976654765,1.0826888217522659,0.8887695687997803,63750.630870639936,0.8616412162780804
0.5473880801977479,0.4652348255973633,0.39939027739631966,0.8197555616588852,0.3734907992309804,0.46378467453996164,1.4166849766547651,1.0526888217522659,0.8787695687997803,63725.630870639936,0.8616412162780804
0.5673880801977479,0.44523482559736327,0.37939027739631964,0.8097555616588852,0.3934907992309804,0.48378467453996166,1.4766849766547652,1.0626888217522659,0.9087695687997803,63422.630870639936,0.8656411647796638
0.5673880801977479,0.3752348255973632,0.4493902773963197,0.7897555616588852,0.34349079923098036,0.46378467453996164,1.5166849766547652,1.0826888217522659,0.8887695687997803,62567.630870639936,0.8691926479339607
0.5673880801977479,0.3852348255973632,0.4593902773963197,0.8097555616588852,0.3634907992309804,0.49378467453996167,1.5466849766547652,1.0426888217522658,0.8687695687997803,61454.630870639936,0.8732169151306124
0.5573880801977479,0.40523482559736324,0.4693902773963197,0.7997555616588852,0.33349079923098035,0.5037846745399617,1.5466849766547652,1.0326888217522658,0.8787695687997803,60633.630870639936,0.8777137279510505
0.5673880801977479,0.4652348255973633,0.4693902773963197,0.7997555616588852,0.2734907992309803,0.5437846745399617,1.556684976654765,0.9926888217522658,0.8287695687997803,59954.630870639936,0.878269004821778
0.5773880801977479,0.44523482559736327,0.4593902773963197,0.8297555616588852,0.2534907992309805,0.5637846745399615,1.5466849766547652,0.9526888217522658,0.7987695687997802,59541.630870639936,0.8826661586761482
0.5973880801977479,0.4652348255973633,0.4593902773963197,0.8297555616588852,0.2634907992309805,0.5737846745399615,1.5266849766547652,0.8526888217522659,0.8287695687997803,59708.630870639936,0.8867900848388679
0.6273880801977479,0.43523482559736326,0.4193902773963197,0.8397555616588852,0.2634907992309805,0.6537846745399616,1.5266849766547652,0.8626888217522659,0.8787695687997803,59675.630870639936,0.8893926620483406
0.6073880801977479,0.40523482559736324,0.4593902773963197,0.8597555616588852,0.2534907992309805,0.6337846745399616,1.5266849766547652,0.8226888217522659,0.9087695687997803,59018.630870639936,0.8903868675231976
0.6273880801977479,0.3452348255973632,0.5293902773963197,0.8497555616588852,0.2434907992309805,0.6037846745399615,1.5266849766547652,0.8726888217522659,0.9387695687997804,58191.630870639936,0.8947313308715863
0.5973880801977479,0.2652348255973631,0.5493902773963197,0.8597555616588852,0.2634907992309805,0.6037846745399615,1.566684976654765,0.8526888217522659,0.9587695687997804,57384.630870639936,0.898734378814698
0.5873880801977479,0.2452348255973631,0.5693902773963198,0.8397555616588852,0.2634907992309805,0.6037846745399615,1.576684976654765,0.8826888217522659,0.9687695687997804,56291.630870639936,0.9020243167877204
0.5873880801977479,0.2552348255973631,0.5993902773963198,0.869755561658885,0.2434907992309805,0.6037846745399615,1.556684976654765,0.8326888217522659,0.9787695687997804,55416.630870639936,0.9027414798736579
0.5873880801977479,0.2452348255973631,0.6093902773963196,0.8597555616588852,0.2634907992309805,0.6037846745399615,1.556684976654765,0.8026888217522659,1.0187695687997804,54761.630870639936,0.9060578823089607
0.6173880801977479,0.19523482559736327,0.6193902773963196,0.8597555616588852,0.2734907992309803,0.6337846745399616,1.5466849766547652,0.7826888217522658,0.9987695687997804,53428.630870639936,0.9109027862548835
0.6173880801977479,0.19523482559736327,0.6293902773963196,0.8597555616588852,0.2534907992309805,0.6637846745399616,1.5466849766547652,0.7626888217522658,0.9787695687997804,52259.630870639936,0.9139512062072761
0.6273880801977479,0.19523482559736327,0.6193902773963196,0.8397555616588852,0.22349079923098047,0.7337846745399617,1.5466849766547652,0.7326888217522658,0.9787695687997804,52178.630870639936,0.914955663681031
0.6073880801977479,0.19523482559736327,0.5993902773963198,0.8397555616588852,0.20349079923098046,0.7737846745399617,1.5466849766547652,0.7226888217522658,1.0187695687997804,52491.630870639936,0.9179516315460212
0.6073880801977479,0.19523482559736327,0.5593902773963197,0.8597555616588852,0.19349079923098045,0.7837846745399617,1.5166849766547652,0.6826888217522658,1.0887695687997803,52722.630870639936,0.9221346855163617
0.6173880801977479,0.19523482559736327,0.5893902773963198,0.8297555616588852,0.17349079923098043,0.7837846745399617,1.5166849766547652,0.6626888217522657,1.1487695687997803,52717.630870639936,0.9271419525146491
0.6273880801977479,0.2252348255973633,0.6093902773963196,0.8197555616588852,0.12349079923098039,0.7737846745399617,1.5166849766547652,0.6626888217522657,1.1687695687997803,52448.630870639936,0.9274323463439984
0.637388080197748,0.20523482559736328,0.6693902773963196,0.7797555616588852,0.1434907992309804,0.7637846745399617,1.5066849766547652,0.6526888217522657,1.1587695687997803,52719.630870639936,0.9306366920471199
0.637388080197748,0.18523482559736326,0.7293902773963197,0.7897555616588852,0.12349079923098039,0.7237846745399616,1.5066849766547652,0.6326888217522659,1.1987695687997804,53212.630870639936,0.9347751617431648
0.637388080197748,0.15523482559736324,0.7793902773963197,0.7697555616588851,0.10349079923098037,0.6737846745399616,1.4866849766547652,0.6426888217522657,1.2487695687997804,53731.630870639936,0.938741731643681
0.6073880801977479,0.1252348255973632,0.8093902773963195,0.7797555616588852,0.10349079923098037,0.5937846745399615,1.4466849766547651,0.6326888217522659,1.3487695687997803,53660.630870639936,0.9430211067199714
0.5773880801977479,0.1152348255973632,0.8193902773963195,0.7797555616588852,0.08349079923098035,0.5437846745399617,1.4566849766547652,0.6326888217522659,1.3787695687997803,53973.630870639936,0.9430211067199714
0.5673880801977479,0.1252348255973632,0.7993902773963195,0.7597555616588851,0.06349079923098033,0.5437846745399617,1.4266849766547651,0.5926888217522659,1.4687695687997804,53720.630870639936,0.9470217704772921
0.5473880801977479,0.1152348255973632,0.7693902773963197,0.7597555616588851,0.09349079923098036,0.47378467453996165,1.406684976654765,0.5626888217522659,1.5587695687997802,53401.630870639936,0.9510202884674079
0.5473880801977479,0.07523482559736316,0.7693902773963197,0.7497555616588851,0.08349079923098035,0.4237846745399616,1.386684976654765,0.5526888217522659,1.6187695687997803,52510.630870639936,0.9551115512847907
0.4773880801977478,0.06523482559736316,0.7993902773963195,0.7597555616588851,0.10349079923098037,0.38378467453996157,1.386684976654765,0.5526888217522659,1.6387695687997803,52487.630870639936,0.9551115512847907
0.4373880801977478,0.10523482559736319,0.8393902773963196,0.7597555616588851,0.06349079923098033,0.35378467453996154,1.366684976654765,0.5426888217522658,1.6287695687997803,52474.630870639936,0.9593334674835212
0.4373880801977478,0.09523482559736318,0.9293902773963196,0.7197555616588851,0.053490799230980324,0.3237846745399615,1.336684976654765,0.5526888217522659,1.5987695687997803,53195.630870639936,0.9644890308380134
0.40738808019774797,0.13523482559736322,0.9993902773963197,0.6997555616588851,0.01349079923098051,0.2937846745399617,1.2966849766547652,0.5326888217522658,1.5487695687997802,53714.630870639936,0.9665251255035407
0.36738808019774793,0.10523482559736319,1.0493902773963195,0.7097555616588851,0.0034907992309805014,0.24378467453996167,1.2366849766547652,0.5226888217522658,1.5587695687997802,53823.630870639936,0.9680405139923103
0.3473880801977479,0.08523482559736317,1.0893902773963196,0.6797555616588851,-0.016509200769019516,0.2537846745399617,1.2166849766547652,0.5426888217522658,1.5087695687997804,54070.630870639936,0.9720585823059089
0.3073880801977479,0.09523482559736318,1.0593902773963195,0.7297555616588851,-0.026509200769019525,0.2737846745399617,1.2266849766547652,0.5126888217522658,1.5587695687997802,54777.630870639936,0.9761434078216524
0.2973880801977479,0.07523482559736316,0.9793902773963197,0.7397555616588851,-0.04650920076901954,0.3037846745399617,1.1766849766547651,0.5026888217522658,1.5787695687997803,54726.630870639936,0.9801531314849861
0.23738808019774782,0.06523482559736316,0.9293902773963196,0.7897555616588852,-0.06650920076901956,0.2837846745399617,1.1766849766547651,0.4926888217522658,1.6387695687997803,54255.630870639936,0.980411100387574
0.23738808019774782,0.055234825597363146,0.8893902773963196,0.7597555616588851,-0.07650920076901957,0.2737846745399617,1.156684976654765,0.5226888217522658,1.6387695687997803,53240.630870639936,0.9847097873687716
0.22738808019774792,0.08523482559736317,0.9193902773963196,0.7797555616588852,-0.036509200769019534,0.2537846745399617,1.146684976654765,0.5326888217522658,1.6387695687997803,52517.630870639936,0.9887099742889411
0.22738808019774792,0.07523482559736316,0.9893902773963197,0.7897555616588852,-0.07650920076901957,0.21378467453996164,1.136684976654765,0.5226888217522658,1.5987695687997803,52068.630870639936,0.992709922790528
0.2173880801977479,0.06523482559736316,1.0693902773963195,0.8197555616588852,-0.06650920076901956,0.19378467453996162,1.146684976654765,0.5626888217522659,1.5287695687997804,51521.630870639936,0.992709922790528
0.1973880801977479,0.07523482559736316,1.1193902773963196,0.8397555616588852,-0.08650920076901958,0.21378467453996164,1.1766849766547651,0.5426888217522658,1.4287695687997803,51952.630870639936,0.9967258453369183
0.22738808019774792,-0.04476517440263683,1.1593902773963196,0.8197555616588852,-0.08650920076901958,0.2637846745399617,1.1966849766547651,0.5126888217522658,1.3187695687997802,52751.630870639936,1.0007656097412116
0.22738808019774792,-0.05476517440263684,1.1093902773963196,0.8097555616588852,-0.09650920076901959,0.3237846745399615,1.2066849766547652,0.5326888217522658,1.2687695687997804,52740.630870639936,1.0047977447509773
0.26738808019774785,-0.05476517440263684,1.0493902773963195,0.7997555616588852,-0.1065092007690196,0.38378467453996157,1.2166849766547652,0.5026888217522658,1.2387695687997804,52039.630870639936,1.005854654312131
0.3373880801977479,-0.11476517440263678,0.9493902773963196,0.7797555616588852,-0.13650920076901962,0.45378467453996163,1.2366849766547652,0.4826888217522658,1.1687695687997803,51202.630870639936,1.0088491916656501
0.3373880801977479,-0.11476517440263678,0.9193902773963196,0.7997555616588852,-0.1065092007690196,0.49378467453996167,1.2366849766547652,0.4826888217522658,1.1787695687997803,50083.630870639936,1.0129070758819623
0.3373880801977479,-0.12476517440263679,0.8793902773963196,0.8097555616588852,-0.08650920076901958,0.49378467453996167,1.2366849766547652,0.4926888217522658,1.1487695687997803,48618.630870639936,1.017895030975346
0.3173880801977479,-0.11476517440263678,0.8993902773963196,0.8397555616588852,-0.1065092007690196,0.5237846745399617,1.2366849766547652,0.45268882175226577,1.0887695687997803,47387.630870639936,1.0204463481903083
0.3273880801977479,-0.12476517440263679,0.8793902773963196,0.8597555616588852,-0.07650920076901957,0.5237846745399617,1.2366849766547652,0.41268882175226584,1.0987695687997803,47166.630870639936,1.0214558124542243
0.3473880801977479,-0.17476517440263684,0.7893902773963197,0.869755561658885,-0.06650920076901956,0.5337846745399617,1.2466849766547652,0.45268882175226577,1.0687695687997802,46615.630870639936,1.0255532741546638
0.3373880801977479,-0.20476517440263686,0.7293902773963197,0.8497555616588852,-0.05650920076901955,0.5537846745399617,1.2566849766547652,0.43268882175226586,1.0287695687997804,46636.630870639936,1.0300350666046114
0.36738808019774793,-0.18476517440263684,0.6793902773963196,0.8497555616588852,-0.026509200769019525,0.5837846745399615,1.2566849766547652,0.3726888217522658,1.0487695687997802,45921.630870639936,1.0331762313842816
0.40738808019774797,-0.20476517440263686,0.5793902773963198,0.8397555616588852,-0.016509200769019516,0.5937846745399615,1.2666849766547652,0.3826888217522658,1.0487695687997802,44744.630870639936,1.0342286109924324
0.4373880801977478,-0.23476517440263678,0.5393902773963197,0.8197555616588852,0.023490799230980297,0.5537846745399617,1.2566849766547652,0.41268882175226584,1.0687695687997802,44601.630870639936,1.0374451160430915
0.42738808019774777,-0.18476517440263684,0.5293902773963197,0.8297555616588852,0.023490799230980297,0.5537846745399617,1.2766849766547652,0.43268882175226586,1.0687695687997802,44352.630870639936,1.041945266723637
0.4473880801977478,-0.19476517440263685,0.48939027739631963,0.8397555616588852,0.01349079923098051,0.5437846745399617,1.2666849766547652,0.42268882175226585,1.0387695687997802,43991.630870639936,1.0457876205444379
0.4473880801977478,-0.18476517440263684,0.4693902773963197,0.8497555616588852,0.06349079923098033,0.5737846745399615,1.2666849766547652,0.43268882175226586,1.0487695687997802,43394.630870639936,1.0468442916870124
0.4373880801977478,-0.18476517440263684,0.4193902773963197,0.879755561658885,0.043490799230980315,0.5737846745399615,1.2766849766547652,0.40268882175226584,1.0187695687997804,43209.630870639936,1.0493870258331306
0.4473880801977478,-0.16476517440263683,0.40939027739631967,0.879755561658885,0.033490799230980306,0.5837846745399615,1.2766849766547652,0.43268882175226586,0.9887695687997804,43568.630870639936,1.0549226284027107
0.4373880801977478,-0.18476517440263684,0.36939027739631963,0.889755561658885,0.043490799230980315,0.5937846745399615,1.316684976654765,0.40268882175226584,1.0087695687997804,43935.630870639936,1.0581269741058357
0.4373880801977478,-0.16476517440263683,0.37939027739631964,0.9497555616588851,0.043490799230980315,0.5337846745399617,1.2866849766547652,0.3926888217522658,0.9987695687997804,44058.630870639936,1.0589302062988288
0.4473880801977478,-0.15476517440263682,0.36939027739631963,0.9597555616588851,0.033490799230980306,0.5237846745399617,1.2966849766547652,0.3826888217522658,0.9887695687997804,43769.630870639936,1.0619345188140876
0.4473880801977478,-0.12476517440263679,0.3293902773963197,0.9597555616588851,0.023490799230980297,0.5437846745399617,1.326684976654765,0.3726888217522658,0.9787695687997804,43940.630870639936,1.066184568405152
0.4573880801977478,-0.1447651744026368,0.3293902773963197,0.9697555616588851,0.0034907992309805014,0.5137846745399617,1.376684976654765,0.3526888217522658,0.9987695687997804,43789.630870639936,1.0703871726989718
0.4573880801977478,-0.1347651744026368,0.2993902773963197,0.9897555616588851,-0.016509200769019516,0.49378467453996167,1.386684976654765,0.3326888217522658,0.9487695687997804,43424.630870639936,1.0703871726989718
0.4773880801977478,-0.16476517440263683,0.3193902773963197,0.9797555616588851,-0.026509200769019525,0.49378467453996167,1.396684976654765,0.31268882175226587,0.9187695687997803,43469.630870639936,1.0747220993042
0.5073880801977478,-0.17476517440263684,0.3093902773963197,0.9497555616588851,-0.05650920076901955,0.5037846745399617,1.4366849766547651,0.30268882175226586,0.8987695687997803,43346.630870639936,1.0788457870483406
0.5073880801977478,-0.19476517440263685,0.27939027739631966,0.9697555616588851,-0.036509200769019534,0.5037846745399617,1.4366849766547651,0.27268882175226583,0.8787695687997803,44497.630870639936,1.0833437919616706
0.5473880801977479,-0.19476517440263685,0.2993902773963197,0.9597555616588851,-0.05650920076901955,0.49378467453996167,1.4566849766547652,0.27268882175226583,0.8387695687997803,45140.630870639936,1.086741733551026
0.5473880801977479,-0.2547651744026368,0.27939027739631966,0.9797555616588851,-0.06650920076901956,0.46378467453996164,1.4566849766547652,0.31268882175226587,0.7887695687997802,45531.630870639936,1.086741733551026
0.5473880801977479,-0.2647651744026368,0.2893902773963197,0.9797555616588851,-0.09650920076901959,0.46378467453996164,1.4666849766547652,0.28268882175226584,0.7287695687997802,46056.630870639936,1.0907795906066902
0.5573880801977479,-0.2647651744026368,0.26939027739631966,0.9797555616588851,-0.08650920076901958,0.4337846745399616,1.4666849766547652,0.30268882175226586,0.6687695687997803,46583.630870639936,1.0944841384887702
0.5473880801977479,-0.21476517440263676,0.26939027739631966,0.9897555616588851,-0.09650920076901959,0.4237846745399616,1.4866849766547652,0.29268882175226585,0.6387695687997803,46598.630870639936,1.0988865375518806
0.5673880801977479,-0.19476517440263685,0.22939027739631973,0.9797555616588851,-0.15650920076901964,0.4337846745399616,1.4966849766547652,0.31268882175226587,0.6287695687997803,46447.630870639936,1.0999424934387214
0.5673880801977479,-0.21476517440263676,0.22939027739631973,0.9697555616588851,-0.15650920076901964,0.3937846745399616,1.5066849766547652,0.31268882175226587,0.6287695687997803,47122.630870639936,1.1033585548400886
0.5673880801977479,-0.20476517440263686,0.22939027739631973,0.9497555616588851,-0.17650920076901955,0.37378467453996156,1.5466849766547652,0.29268882175226585,0.5787695687997803,47279.630870639936,1.1074240684509284
0.5673880801977479,-0.20476517440263686,0.23939027739631963,0.9597555616588851,-0.18650920076901956,0.36378467453996155,1.5366849766547652,0.2526888217522658,0.5887695687997803,47456.630870639936,1.1114225864410407
0.5673880801977479,-0.17476517440263684,0.24939027739631964,0.9697555616588851,-0.19650920076901957,0.3037846745399617,1.5166849766547652,0.2426888217522658,0.6087695687997803,47459.630870639936,1.1114225864410407
0.5873880801977479,-0.17476517440263684,0.21939027739631972,0.9797555616588851,-0.16650920076901965,0.3037846745399617,1.4966849766547652,0.28268882175226584,0.5787695687997803,47558.630870639936,1.115419673919682
0.6273880801977479,-0.22476517440263677,0.22939027739631973,0.9797555616588851,-0.15650920076901964,0.2837846745399617,1.4766849766547652,0.27268882175226583,0.6087695687997803,47907.630870639936,1.1194124698638923
0.6273880801977479,-0.20476517440263686,0.1993902773963197,0.9797555616588851,-0.20650920076901957,0.2737846745399617,1.4766849766547652,0.31268882175226587,0.5487695687997802,48588.630870639936,1.1234453201293952
0.6173880801977479,-0.18476517440263684,0.1993902773963197,0.9697555616588851,-0.20650920076901957,0.2637846745399617,1.5066849766547652,0.29268882175226585,0.5287695687997802,49015.630870639936,1.1234453201293952
0.5973880801977479,-0.19476517440263685,0.1893902773963197,0.9497555616588851,-0.20650920076901957,0.24378467453996167,1.556684976654765,0.29268882175226585,0.5587695687997802,48120.630870639936,1.1272299766540534
0.5773880801977479,-0.20476517440263686,0.1793902773963197,0.9397555616588851,-0.20650920076901957,0.2537846745399617,1.566684976654765,0.30268882175226586,0.5387695687997802,47173.630870639936,1.1312461376190193
0.5773880801977479,-0.19476517440263685,0.15939027739631967,0.9497555616588851,-0.21650920076901958,0.24378467453996167,1.566684976654765,0.31268882175226587,0.5187695687997802,46806.630870639936,1.1352448940277107
0.6173880801977479,-0.20476517440263686,0.15939027739631967,0.9397555616588851,-0.2265092007690196,0.23378467453996166,1.566684976654765,0.31268882175226587,0.49876956879978024,45983.630870639936,1.1362560272216804
0.647388080197748,-0.18476517440263684,0.15939027739631967,0.9397555616588851,-0.2265092007690196,0.24378467453996167,1.5266849766547652,0.29268882175226585,0.48876956879978023,45262.630870639936,1.1402535915374798
0.657388080197748,-0.18476517440263684,0.16939027739631968,0.9297555616588851,-0.21650920076901958,0.21378467453996164,1.5266849766547652,0.3226888217522659,0.5187695687997802,44457.630870639936,1.143706130981446
0.6273880801977479,-0.19476517440263685,0.15939027739631967,0.9297555616588851,-0.18650920076901956,0.21378467453996164,1.5366849766547652,0.3326888217522658,0.5487695687997802,43478.630870639936,1.1476362228393562
0.637388080197748,-0.19476517440263685,0.1293902773963197,0.9297555616588851,-0.15650920076901964,0.20378467453996163,1.5466849766547652,0.3326888217522658,0.5287695687997802,42345.630870639936,1.1516631126403816
0.6173880801977479,-0.18476517440263684,0.1293902773963197,0.9197555616588851,-0.18650920076901956,0.20378467453996163,1.5466849766547652,0.3426888217522658,0.5287695687997802,41986.630870639936,1.1526718616485603
0.637388080197748,-0.21476517440263676,0.11939027739631969,0.899755561658885,-0.18650920076901956,0.21378467453996164,1.556684976654765,0.3426888217522658,0.5287695687997802,41433.630870639936,1.1567171096801765
0.637388080197748,-0.23476517440263678,0.10939027739631968,0.879755561658885,-0.17650920076901955,0.21378467453996164,1.5466849766547652,0.3426888217522658,0.5487695687997802,40944.630870639936,1.1601508140564007
0.637388080197748,-0.2747651744026368,0.11939027739631969,0.8597555616588852,-0.19650920076901957,0.21378467453996164,1.556684976654765,0.3326888217522658,0.5387695687997802,40567.630870639936,1.1633704185485847
0.647388080197748,-0.2447651744026368,0.10939027739631968,0.8397555616588852,-0.2265092007690196,0.19378467453996162,1.556684976654765,0.31268882175226587,0.5187695687997802,40240.630870639936,1.1643822669982917
0.637388080197748,-0.2647651744026368,0.10939027739631968,0.8497555616588852,-0.2265092007690196,0.21378467453996164,1.5166849766547652,0.3426888217522658,0.49876956879978024,39753.630870639936,1.1683729171752937
0.6073880801977479,-0.2547651744026368,0.08939027739631966,0.8497555616588852,-0.19650920076901957,0.23378467453996166,1.5166849766547652,0.31268882175226587,0.4687695687997803,39118.630870639936,1.1729004859924324
0.5873880801977479,-0.2547651744026368,0.07939027739631965,0.8497555616588852,-0.2265092007690196,0.2537846745399617,1.5266849766547652,0.28268882175226584,0.4187695687997803,37573.630870639936,1.1758966922760017
0.5573880801977479,-0.21476517440263676,0.07939027739631965,0.8297555616588852,-0.21650920076901958,0.2537846745399617,1.5266849766547652,0.2626888217522658,0.39876956879978026,35934.630870639936,1.1769080638885505
0.5073880801977478,-0.2647651744026368,0.029390277396319664,0.8497555616588852,-0.21650920076901958,0.2537846745399617,1.5366849766547652,0.28268882175226584,0.4387695687997803,34637.630870639936,1.1804943561553998
0.4773880801977478,-0.2647651744026368,0.04939027739631968,0.8497555616588852,-0.2465092007690196,0.21378467453996164,1.5166849766547652,0.30268882175226586,0.4587695687997803,33988.630870639936,1.184887218475346
0.4673880801977478,-0.2547651744026368,0.04939027739631968,0.8497555616588852,-0.19650920076901957,0.23378467453996166,1.4766849766547652,0.2626888217522658,0.40876956879978027,33309.630870639936,1.1888950347900398
0.4373880801977478,-0.2447651744026368,0.07939027739631965,0.869755561658885,-0.2465092007690196,0.22378467453996165,1.4466849766547651,0.29268882175226585,0.39876956879978026,32358.630870639936,1.1898994922637982
0.42738808019774777,-0.2747651744026368,0.05939027739631969,0.8597555616588852,-0.21650920076901958,0.22378467453996165,1.406684976654765,0.27268882175226583,0.4187695687997803,31349.630870639936,1.1929047584533699
0.417388080197748,-0.23476517440263678,0.019390277396319655,0.8397555616588852,-0.17650920076901955,0.2537846745399617,1.386684976654765,0.28268882175226584,0.4287695687997803,31034.630870639936,1.197902011871335
0.36738808019774793,-0.2647651744026368,0.07939027739631965,0.8397555616588852,-0.18650920076901956,0.22378467453996165,1.366684976654765,0.29268882175226585,0.39876956879978026,30617.630870639936,1.2010653495788581
0.38738808019774795,-0.2747651744026368,0.0693902773963197,0.8197555616588852,-0.18650920076901956,0.23378467453996166,1.366684976654765,0.29268882175226585,0.4187695687997803,30086.630870639936,1.2010653495788581
0.3473880801977479,-0.2847651744026368,0.04939027739631968,0.7897555616588852,-0.15650920076901964,0.24378467453996167,1.376684976654765,0.27268882175226583,0.38876956879978025,29737.630870639936,1.205069828033448
0.3373880801977479,-0.2847651744026368,-0.010609722603680316,0.7697555616588851,-0.18650920076901956,0.24378467453996167,1.366684976654765,0.2626888217522658,0.37876956879978024,29918.630870639936,1.2091160297393806
0.2973880801977479,-0.30476517440263684,0.009390277396319702,0.7997555616588852,-0.16650920076901965,0.24378467453996167,1.306684976654765,0.2326888217522658,0.38876956879978025,29637.630870639936,1.2134075641632087
0.3073880801977479,-0.2547651744026368,0.009390277396319702,0.8097555616588852,-0.14650920076901963,0.2537846745399617,1.2966849766547652,0.2326888217522658,0.3687695687997803,29084.630870639936,1.2134075641632087
0.28738808019774786,-0.2547651744026368,0.03939027739631967,0.7797555616588852,-0.1165092007690196,0.2637846745399617,1.2866849766547652,0.2426888217522658,0.38876956879978025,29281.630870639936,1.217436599731446
0.26738808019774785,-0.2747651744026368,0.009390277396319702,0.7597555616588851,-0.1065092007690196,0.2737846745399617,1.2866849766547652,0.2526888217522658,0.37876956879978024,28996.630870639936,1.22244839668274
0.27738808019774785,-0.23476517440263678,0.04939027739631968,0.7597555616588851,-0.09650920076901959,0.2737846745399617,1.2366849766547652,0.2326888217522658,0.3587695687997803,28871.630870639936,1.2254548549652107
0.28738808019774786,-0.22476517440263677,0.029390277396319664,0.7697555616588851,-0.1065092007690196,0.2737846745399617,1.1866849766547651,0.21268882175226578,0.33876956879978026,28362.630870639936,1.2287788867950447
0.26738808019774785,-0.22476517440263677,-0.0006097226036803072,0.7597555616588851,-0.1065092007690196,0.2837846745399617,1.1766849766547651,0.21268882175226578,0.2987695687997803,28921.630870639936,1.2297828674316413
0.25738808019774784,-0.21476517440263676,-0.010609722603680316,0.7397555616588851,-0.14650920076901963,0.2837846745399617,1.136684976654765,0.18268882175226586,0.2887695687997803,29010.630870639936,1.2337861537933321
0.25738808019774784,-0.18476517440263684,-0.010609722603680316,0.6897555616588851,-0.15650920076901964,0.2637846745399617,1.136684976654765,0.16268882175226584,0.39876956879978026,28675.630870639936,1.2377927780151374
0.27738808019774785,-0.18476517440263684,-0.010609722603680316,0.649755561658885,-0.18650920076901956,0.24378467453996167,1.116684976654765,0.14268882175226583,0.3587695687997803,28864.630870639936,1.2417924880981452
0.27738808019774785,-0.16476517440263683,0.009390277396319702,0.6097555616588852,-0.16650920076901965,0.2737846745399617,1.096684976654765,0.14268882175226583,0.2987695687997803,29383.630870639936,1.2430348873138435
0.3173880801977479,-0.1447651744026368,-0.020609722603680325,0.5697555616588852,-0.21650920076901958,0.2537846745399617,1.076684976654765,0.14268882175226583,0.31876956879978025,30294.630870639936,1.2461812973022504
0.3173880801977479,-0.16476517440263683,-0.04060972260368034,0.5497555616588852,-0.21650920076901958,0.2737846745399617,1.0266849766547652,0.09268882175226578,0.3087695687997803,30029.630870639936,1.25103406906128
0.26738808019774785,-0.16476517440263683,-0.010609722603680316,0.5597555616588852,-0.19650920076901957,0.2737846745399617,1.066684976654765,0.12268882175226581,0.2887695687997803,30182.630870639936,1.2540851116180392
0.25738808019774784,-0.15476517440263682,-0.020609722603680325,0.5097555616588851,-0.21650920076901958,0.2737846745399617,1.056684976654765,0.13268882175226582,0.26876956879978026,30505.630870639936,1.2540851116180392
0.24738808019774783,-0.1447651744026368,-0.020609722603680325,0.49975556165888513,-0.20650920076901957,0.2837846745399617,1.0066849766547652,0.08268882175226577,0.26876956879978026,30300.630870639936,1.2590854644775398
0.24738808019774783,-0.16476517440263683,-0.04060972260368034,0.42975556165888507,-0.13650920076901962,0.3037846745399617,1.0066849766547652,0.10268882175226579,0.25876956879978025,30461.630870639936,1.2630856513977058
0.18738808019774789,-0.15476517440263682,-0.08060972260368032,0.42975556165888507,-0.14650920076901963,0.3237846745399615,1.0166849766547652,0.07268882175226588,0.23876956879978029,30700.630870639936,1.2660844802856452
0.2073880801977479,-0.18476517440263684,-0.09060972260368033,0.4497555616588851,-0.16650920076901965,0.2937846745399617,0.9566849766547652,0.10268882175226579,0.2487695687997803,30597.630870639936,1.2670948982238812
0.2073880801977479,-0.18476517440263684,-0.050609722603680296,0.41975556165888506,-0.19650920076901957,0.2837846745399617,0.9366849766547651,0.08268882175226577,0.23876956879978029,31018.630870639936,1.2706046581268318
0.2073880801977479,-0.1447651744026368,-0.050609722603680296,0.39975556165888504,-0.15650920076901964,0.2937846745399617,0.8666849766547651,0.07268882175226588,0.20876956879978026,31253.630870639936,1.2747502803802497
0.1973880801977479,-0.1447651744026368,-0.050609722603680296,0.41975556165888506,-0.19650920076901957,0.3037846745399617,0.8266849766547651,0.07268882175226588,0.1887695687997803,31048.630870639936,1.2783194065094001
0.18738808019774789,-0.16476517440263683,-0.08060972260368032,0.369755561658885,-0.15650920076901964,0.3237846745399615,0.8366849766547652,0.08268882175226577,0.21876956879978027,31629.630870639936,1.2793727397918708
0.1973880801977479,-0.15476517440263682,-0.11060972260368032,0.369755561658885,-0.15650920076901964,0.3337846745399615,0.8666849766547651,0.10268882175226579,0.1887695687997803,32428.630870639936,1.2833838939666755
0.17738808019774788,-0.17476517440263684,-0.11060972260368032,0.3597555616588852,-0.16650920076901965,0.3137846745399615,0.8766849766547651,0.08268882175226577,0.15876956879978027,32035.630870639936,1.2873836040496833
0.12738808019774783,-0.19476517440263685,-0.12060972260368033,0.379755561658885,-0.13650920076901962,0.3337846745399615,0.8466849766547652,0.12268882175226581,0.15876956879978027,31922.630870639936,1.291714000701905
0.09738808019774792,-0.18476517440263684,-0.11060972260368032,0.38975556165888503,-0.13650920076901962,0.3037846745399617,0.8266849766547651,0.07268882175226588,0.16876956879978028,32529.630870639936,1.291714000701905
0.09738808019774792,-0.17476517440263684,-0.08060972260368032,0.3597555616588852,-0.13650920076901962,0.2737846745399617,0.8166849766547651,0.09268882175226578,0.1787695687997803,32472.630870639936,1.295717763900761
0.0773880801977479,-0.1447651744026368,-0.08060972260368032,0.379755561658885,-0.12650920076901961,0.2737846745399617,0.8366849766547652,0.1126888217522658,0.1887695687997803,32495.630870639936,1.2997749328613288
